ID,BRAND,MODEL,MOTHER BOARD,HEAT SINK,FAN,RAID CARD,CARDS,RISER-1,RISER-II,RISER-III,BACK PLANE,POWER SUPPLY,STATUS,CONDITION NEW,CONDITION REFURBISHED,PRICE NEW,PRICE REFURBISHED,REMARK,CREATED AT,UPDATED AT
4745,HPE,HPE DL580 GEN8 4U  10SFF,735511-001,4 NOS,732428-001  *4NOS,NO,NO,NO,NO,NO,10 SFF,1500W  *4NOS(684530-201),need_check,yes,no,25000,,,2026-06-05T11:32:46.220221+05:30,2026-06-05T11:34:13.063788+05:30
4744,HPE,HPE DL365 GEN10 PLUS,P40453-001,NO,873581-001  *8NOS,P62613-001,P14487-001. HPE Ethernet 1Gb 4-port BASE-T I350-T4 OCP3 Adapter,P14465-001,NO,NO,NO,NO,need_check,yes,yes,24000,14000,,2026-06-05T11:32:46.219667+05:30,2026-06-05T11:34:23.116529+05:30
4743,HPE,HPE DL365 GEN10 PLUS 8SFF,P40453-001,NO,NO,NO,P14487-001. HPE Ethernet 1Gb 4-port BASE-T I350-T4 OCP3 Adapter,P14465-001,NO,NO,NO,NO,need_check,no,no,,,,2026-06-05T11:32:46.219667+05:30,2026-06-05T11:32:46.219667+05:30
4742,HPE,HPE DL380 GEN10 PLUS 16SFF,P31231-001,P14093-001 *1NOS,YES,YES,OCP 2P,P24048-001,NO,NO,16SFF,800 *2NOS,testing,no,no,,,,2026-06-05T11:32:46.21911+05:30,2026-06-05T11:32:46.21911+05:30
4741,INSPUR,INSPUR SA5112M5 8LFF,YZMB-00882-104,NO,YES,NO,NO,YZRI-00776-101,YZRI-00776-101,NO,12 LFF,550  *2NOS(V03101B000000000),need_check,no,no,,,,2026-06-05T11:32:46.21911+05:30,2026-06-05T11:32:46.21911+05:30
4740,DELL,POWEREDGE R920,0Y4CNC,NO,0P4HPY,NO,NO,NO,NO,NO,84SFF,750W  *4NOS(05NF18),need_check,no,no,,,,2026-06-05T11:32:46.218379+05:30,2026-06-05T11:32:46.218379+05:30
4739,ASUS,ASUS ESC4000A-E10 8LFF,KRPG-U8,13SF01A0T01011,FAN 5NOS,NO,NO,YES,YES,NO,8LFF,1600W  *2NOS(01A00-00251100),need_check,no,no,,,,2026-06-05T11:32:46.218379+05:30,2026-06-05T11:32:46.218379+05:30
4738,QUANTA,QUANTA T42S-2U WITH 4 BLADES,N/A,8 NOS,YES,NO,NO,NO,NO,NO,24 SFF,1200W  *2NOS(L745WK0066CYZ),need_check,no,no,,,,2026-06-05T11:32:46.217797+05:30,2026-06-05T11:32:46.217797+05:30
4737,LENOVO,LENOVO METRO,N/A,YES,YES,YES,NO,NO,NO,NO,8SFF,550W *2NOS(00YLGG2),need_check,no,no,,,,2026-06-05T11:32:46.217797+05:30,2026-06-05T11:32:46.217797+05:30
4736,HPE,HPE DL385 GEN10 PLUS V2,P40453-001,NO,STD FAN P22802-001 *6NOS,MR416i-a RAID (P62613-001),BCM57412 Ethernet 10Gb 2-port SFP+ OCP3 (P26873-001 ) *1,2U 3X16 TRI MODE PCI RISER BOARD (P08096-001),NO,NO,"8SFF U.3 x1 basic backplane, P39781-001",800W *2 (830270-202),need_check,no,no,,,,2026-06-05T11:32:46.217225+05:30,2026-06-05T11:32:46.217225+05:30
4735,ASUS,ASSEMBLED SERVER,N4S2M000364,NO,NO,NO,NO,NO,NO,NO,NO,ATX,need_check,no,no,,,,2026-06-05T11:32:46.217225+05:30,2026-06-05T11:32:46.217225+05:30
4734,HPE,HPE DL380 GEN10 8SFF SAS + 8SFF NVME,P11782-001,873592-001  *2NOS,870935-001  *6NOS,NO,ON BOARD 4P,871820-001,871820-001,NO,"87971-001, NVME; 832305-002  SAS",500W *2NOS(865399-001),need_check,no,no,,,,2026-06-05T11:32:46.216666+05:30,2026-06-05T11:32:46.216666+05:30
4733,GIGABYTE,GIGABYTE R282-N8,MR92-FS1,25ST1-343102  *2NOS,4NOS,YES,"10G *1, SFP *4NOS",YES,YES,NO,24SFF,1600W  *2NOS (25EP0-2160080L0S),need_check,no,no,,,,2026-06-05T11:32:46.216666+05:30,2026-06-05T11:32:46.216666+05:30
4732,FUJJITSU,PRIMERGY RX2540 M1,N/A,V26898-B1001-V2,5NOS,D3307-A12 GS2,LPE1250  *2NOS,YES,NO,NO,16SFF,800W *2NOS(A3C40175928),need_check,no,no,,,,2026-06-05T11:32:46.215948+05:30,2026-06-05T11:32:46.215948+05:30
4731,GIGABYTE,HYVE EDGE METAL G10,5411J0070002,00DHS-B12879-04,DBPK0428B2SY047  *6NOS,NO,NO,NO,NO,NO,NO,650W  *2NOS(IZYD202000735),need_check,no,no,,,,2026-06-05T11:32:46.215948+05:30,2026-06-05T11:32:46.215948+05:30
4730,DELL,DELL POWEREDGE E33S,0XN8Y6,ORJHXF,YES 3NOS,NO,NO,0593D8,NO,NO,2 LFF,NO,need_check,no,no,,,,2026-06-05T11:32:46.215301+05:30,2026-06-05T11:32:46.215301+05:30
4729,DELL,DELL POWEREDGE E10S,09NTNK,YES,YES,NO,NO,NO,NO,NO,NO,250W  *1NOS(06HTWP),need_check,no,no,,,,2026-06-05T11:32:46.214705+05:30,2026-06-05T11:32:46.214705+05:30
4728,HPE,HPE DL320E GEN8 V2,P715908-004,NO,NO,NO,NO,NO,NO,NO,2LFF,250W *1NOS(751909-001),need_check,no,no,,,,2026-06-05T11:32:46.214705+05:30,2026-06-05T11:32:46.214705+05:30
4727,HPE,HPE DL380 GEN10 PLUS 12SFF,P31231-001,P14093-001 *1NOS,YES,YES,OCP 2P,P24048-001,NO,NO,12SFF,800 *2NOS,testing,no,no,,,,2026-06-05T11:32:46.214048+05:30,2026-06-05T11:32:46.214048+05:30
4726,INSPUR,INSPUR SA5212M5,YZMB-00882-104,NO,YES,NO,NO,YZRI-00776-101,YZRI-00776-101,NO,12 LFF,550  *2NOS(V03101B000000000),need_check,no,no,,,,2026-06-05T11:32:46.214048+05:30,2026-06-05T11:32:46.214048+05:30
4725,GIGABYTE,GIGABYTE G292-Z20,MZ22-G20,0S24D08208,YES,NO,NO,25LC0-D65356-L0R  *2NOS,25LC0-D65357-L0R *2NOS,NO,8SFF,2200W  *2NOS(25EP0-222006-D0S,need_check,no,no,,,,2026-06-05T11:32:46.213489+05:30,2026-06-05T11:32:46.213489+05:30
4724,DELL,DELL POWEREDGE R750 XS LFF,YES,YES DUAL,038HNJ,029XMF,0JWVJ,OYYHG8,NO,NO,0V084T,1100W  *2NOS(0J9N6W),need_check,no,no,,,,2026-06-05T11:32:46.213489+05:30,2026-06-05T11:32:46.213489+05:30
4723,DELL,DELL POWEREDGE R840,0TF0V7,0360C1,YES,0J14DC,0R887V,0441XG,0DHKK8,01N602,0R3GPC,2400W  *2NOS(0J1CC3),need_check,no,no,,,,2026-06-05T11:32:46.212937+05:30,2026-06-05T11:32:46.212937+05:30
4722,HPE,DL385 GEN11,P65846-003,NO,STD FAN P51156-001 * 6NOS,Hpe P58543-001 Mr408i-o Gen11 X8 Lanes 4gb Cache Ocp Spdm Storage Controller,P13640-001 BCM57416 Ethernet 10Gb 2-Port Base-T OCP3 Adapter,NO,NO,NO,HPE ProLiant DL38X Gen10 Plus 8SFF x1 Tri-Mode 24G U.3 BC Midplane P36732-211 *2NOS,1600WATT *2 (830270-202),need_check,no,no,,,,2026-06-05T11:32:46.212937+05:30,2026-06-05T11:32:46.212937+05:30
4721,HPE,ProLiant DL360 Gen10,P875552-001,NO,NO,NO,HPE Ethernet 1Gb 4-port 331i Adapter,869432-001,NO,NO,P780428-001,500W  *1NOS(866729-001),need_check,no,no,,,,2026-06-05T11:32:46.212376+05:30,2026-06-05T11:32:46.212376+05:30
4720,HPE,DL385 GEN10 PLUS V2,P40453-001,NO,P22802-001,P62613-001,P13640-001,P24048-001,NO,NO,P39777-001,800W  *2NOS(865412-502),need_check,no,no,,,,2026-06-05T11:32:46.212376+05:30,2026-06-05T11:32:46.212376+05:30
4719,HPE,DL385 GEN10 PLUS,P40455-001,NO,P22802-001  *6NOS,836260-004,NO,NO,NO,NO,NO,800W  *2NOS(865412-502),need_check,no,no,,,,2026-06-05T11:32:46.211774+05:30,2026-06-05T11:32:46.211774+05:30
4718,DELL,DELL POWEREDGE R350 4LFF,01F7TF,0NV1CY  *1NOS,0DGTG9,NO,NO,03WNVY,NO,NO,OVXFND,1600W  *2NOS (25EP0-2160080L0S),need_check,no,no,,,,2026-06-05T11:32:46.211774+05:30,2026-06-05T11:32:46.211774+05:30
4717,DELL,DELL POWEREDGE R720 16SFF,0VWT90,NO,STD FAN 03RKJC  *6NOS,NO,0FM487,Dell POWEREDGE R720 Server 3 Slots Riser,0MPGD9 For Dell PowerEdge R720 R720xd Expansion Card Riser Board,Dell R720xd Riser Board PCIe x16 CPVNF 0CPVNF,"Dell 0RVVMP PowerEdge R720 8x3.5""",1100WATT *2NOS (0GYH9V),need_check,no,no,,,,2026-06-05T11:32:46.211201+05:30,2026-06-05T11:32:46.211201+05:30
4716,HPE,HPE DL380 GEN9 8SFF,P843307-001,HPF 747607-001  *2NOS,HPF 777285-001  *4NOS,NO,ON BOARD,750685-001,NO,NO,YES,1400WATT  *2N0S (733428-101),need_check,no,no,,,,2026-06-05T11:32:46.21063+05:30,2026-06-05T11:32:46.21063+05:30
4715,HPE,DL360 GEN9  4LFF,P84337-001,775403-001  *2NOS,STD FAN 775415-001  *7NOS,NO,ON BOARD 4P,HP DL360 G9 Riser Bracket Assembly With Riser Card 775421-001,NO,NO,HP 780428-001 - HP 8SFF SAS/SATA Backplane,1400WATT  *2N0S (733428-101),need_check,no,no,,,,2026-06-05T11:32:46.21063+05:30,2026-06-05T11:32:46.21063+05:30
4714,GIGABYTE,GIGABYTE R162-Z12,MZ12-HD4,NO,9919B26R,NO,NO,YES,YES,NO,NO,550W *2NOS (FSP550-20ERM),need_check,no,no,,,,2026-06-05T11:32:46.21063+05:30,2026-06-05T11:32:46.21063+05:30
4713,INSPUR,INSPUR NF5280M5  12LFF  * 2SFF,YZMB-00882-104,V00202200000000  *2NOS,V003021000000000  *4NOS,NO,NO,NO,YZRI-0071-101,NO,YZBB-00789-101,800W  *2NOS(V03101C00000000),need_check,no,no,,,,2026-06-05T11:32:46.210071+05:30,2026-06-05T11:32:46.210071+05:30
4712,HPE,HPDL380P GEN8  8SFF,732143-001,STD 715818-001 *2NOS,STD FAN 654577-003  *6NOS,NO,"HP 331FLR 1Gb RJ45, Quad Port FlexiLOM Network Card","662524-001 HP DL380 G8 3-Slot PCI-E Riser Card one x16 slot, and two x8",NO,NO,HP 647407-001 ProLiant DL380p G8 12x LFF SAS HDD Backplane,750WATT  *2NOS (643955-001),need_check,no,no,,,,2026-06-05T11:32:46.210071+05:30,2026-06-05T11:32:46.210071+05:30
4711,DELL,DELL POWEREDGE R640 8SFF,06CKY5,NO,STD FAN 0RG2X2  *8NOS,NO,NO,0815DM Dell POWEREDGE R640 Server 10 Bay HDD PCIe Slot2 Riser,NO,NO,"Dell 94J5V PowerEdge R640 8x 2.5"" HDD Backplane 094J5V",1100WATT  *2NOS (0Y26KX),need_check,no,no,,,,2026-06-05T11:32:46.209479+05:30,2026-06-05T11:32:46.209479+05:30
4710,DELL,DELL POWEREDGE R640 10SFF,0XFK4K,NO,STD FAN 0RG2X2  *8NOS,NO,Dell 064PJ8 Intel X550 10GB RJ-45 Quad-Port,0815DM Dell POWEREDGE R640 Server 10 Bay HDD PCIe Slot2 Riser,NO,NO,"Dell 94J5V PowerEdge R640 8x 2.5"" HDD Backplane 094J5V",NO,need_check,no,no,,,,2026-06-05T11:32:46.209147+05:30,2026-06-05T11:32:46.209147+05:30
4709,HPE,HPE DL380 GEN10,P11782-001,873592-001  *2NOS,870935-001  *6NOS,NO,ON BOARD 4P,871820-001,871820-001,NO,"87971-001, NVME; 832305-002  SAS",500W *2NOS(865399-001),need_check,no,no,,,,2026-06-05T11:32:46.209147+05:30,2026-06-05T11:32:46.209147+05:30
4708,QUANTA,QUANTA DS120,N/A,YES DUAL,DFPB0656B2G *6NOS,NO,NO,DAS5BTBE8A0,DAS5BTBH6A0,33S5BRB0090,32S5BHB0030,800W*2(MPS8146),need_check,no,no,,,,2026-06-05T11:32:46.208433+05:30,2026-06-05T11:32:46.208433+05:30
4707,QUANTA,QUANTA T4TS2U,N/A,YES DUAL,DFPB0656B2G *6NOS,NO,NO,DAS5BTBE8A0,DAS5BTBH6A0,33S5BRB0090,32S5BHB0030,800W*2(MPS8146),need_check,no,no,,,,2026-06-05T11:32:46.208433+05:30,2026-06-05T11:32:46.208433+05:30
4706,QUANTA,QUANTA DS220,N/A,YES DUAL,DFPB0656B2G *6NOS,NO,NO,DAS5BTBE8A0,DAS5BTBH6A0,33S5BRB0090,32S5BHB0030,800W*2(MPS8146),need_check,no,no,,,,2026-06-05T11:32:46.207679+05:30,2026-06-05T11:32:46.207679+05:30
4705,DELL,DELL POWEREDGE R420 4LFF,0CN7CM,0XHMDT,0G8KHX  *6NOS,,NO,07KMJ7,NO,NO,YES,550W *2NOS(0M95X4),need_check,no,no,,,,2026-06-05T11:32:46.207679+05:30,2026-06-05T11:32:46.207679+05:30
4704,CISCO,Cisco UCS UCSC-C220-M4S,7412419-01 A0,700-46227-01  *1NOS,74-12994-A1  *6NOS,74-12862-02 A0,NO,CS073-14910-04,CS073-14911-04,NO,YES,770W *1NOS(341-0591-02 A0),need_check,no,no,,,,2026-06-05T11:32:46.20716+05:30,2026-06-05T11:32:46.20716+05:30
4703,HPE,HPE DL360 GEN8 4LFF,732150-001,734040-001,732136-001,NO,669280-001,667866-001,NO,NO,YES,450W  *2NOS(643954-301),need_check,no,no,,,,2026-06-05T11:32:46.20716+05:30,2026-06-05T11:32:46.20716+05:30
4702,HPE,HPE DL120 GEN9,847394-001,778572-001,778567-001  *3NOS,NO,NO,NO,NO,NO,780428-001,550W *1NOS(765423-201),need_check,no,no,,,,2026-06-05T11:32:46.206164+05:30,2026-06-05T11:32:46.206164+05:30
4701,INSPUR,INSPUR SA5112M4 4LFF,YZMB-00370-109,V198D0800000000Q  *2NOS,V19T62400000000P  *6NOS,NO,NO,YYZCA-00407-101,YES,NO,YES,550W  *2NOS(V031006000000000),need_check,no,no,,,,2026-06-05T11:32:46.206164+05:30,2026-06-05T11:32:46.206164+05:30
4700,INSPUR,INSPUR SA5112M4 8SFF,YZMB-00370-109,V198D0800000000Q  *2NOS,V19T62400000000P  *6NOS,NO,NO,YYZCA-00407-101,YES,NO,YES,550W  *2NOS(V031006000000000),need_check,no,no,,,,2026-06-05T11:32:46.206164+05:30,2026-06-05T11:32:46.206164+05:30
4699,HPE,DL360 GEN10,P11781-001,NO,NO,NO,NO,NO,NO,NO,NO,NO,need_check,no,no,,,,2026-06-05T11:32:46.205173+05:30,2026-06-05T11:32:46.205173+05:30
4698,HPE,HPE DL360 GEN9 8SFF,P843307-001,734043-001  *2NOS,792851-001  *7NOS,P749796-001,ON BOARD 4P,750685-001,NO,NO,P780428-001,500W  *2NOS(723595-101),need_check,no,no,,,,2026-06-05T11:32:46.205173+05:30,2026-06-05T11:32:46.205173+05:30
4697,LENOVO,LENOVO HR630X,01PE834,NO,SF17A11922  *7NOS,NO,NO,NO,NO,NO,NO,550  *2N0S (SP57A03066),need_check,no,no,,,,2026-06-05T11:32:46.205173+05:30,2026-06-05T11:32:46.205173+05:30
4696,HPE,HPE 365 GEN10 PLUS,P40453-001,NO,873581-001  *8NOS,P62613-001,P14487-001. HPE Ethernet 1Gb 4-port BASE-T I350-T4 OCP3 Adapter,P14465-001,NO,NO,NO,NO,need_check,no,no,,,,2026-06-05T11:32:46.205173+05:30,2026-06-05T11:32:46.205173+05:30
4695,DELL,DELL POWEREDGE 430  8SFF,0CNCJW,02FKY9  *2NOS,0DNHNR  *6NOS,0GDJ3J,NO,07N2YT,NO,NO,NO,550W  *2NOS(0034X1),need_check,no,no,,,,2026-06-05T11:32:46.204168+05:30,2026-06-05T11:32:46.204168+05:30
4694,DELL,DELL POWEREDGE R640 4LFF,0PHYDR,NO,0RG2X2  *8NOS,NO,NO,0815DM,NO,NO,NO,NO,need_check,no,no,,,,2026-06-05T11:32:46.204168+05:30,2026-06-05T11:32:46.204168+05:30
4693,HPE,HPE DL160 GEN9,848082-001,768755-001  *1NOS,768753-001  *7NOS,NO,NO,779098-001,NO,NO,780428-001,960W  *2NOS(775593-201),need_check,no,no,,,,2026-06-05T11:32:46.204168+05:30,2026-06-05T11:32:46.204168+05:30
4692,HPE,HPE DL160 GEN8,648444-002,668515-001  *2NOS,663120-001  *7NOS,NO,NO,NO,NO,NO,667868-001,500W  *1NOS(622381-101,need_check,no,no,,,,2026-06-05T11:32:46.203161+05:30,2026-06-05T11:32:46.203161+05:30
4691,HPE,HPE DL360p GEN8,P732150-001,734040-001  *2NOS,732136-001 *8NOS,NO,NO,667866-001,NO,NO,NO,750W  *2NOS(643955-B21),need_check,no,no,,,,2026-06-05T11:32:46.203161+05:30,2026-06-05T11:32:46.203161+05:30
4690,HPE,HPE DL360 GEN9 4LFF,843307-001,734042-001  *2NOS,792851-001  *7NOS,NO,ON BOARD 4P,750685-001,NO,NO,P780428-001,1400  *2NOS(733428-101),need_check,no,no,,,,2026-06-05T11:32:46.203161+05:30,2026-06-05T11:32:46.203161+05:30
4689,DELL,DELL POWEREDGE R440 10SFF,04JN2P,0994RT  *1NOS,YES 4NOS,0J7TNV,NO,OFJ4M3,00VG0Y,NO,8SFF,550W  *2NOS(06V43G),need_check,no,no,,,,2026-06-05T11:32:46.202158+05:30,2026-06-05T11:32:46.202158+05:30
4688,DELL,DELL POWEREDGE R450 8SFF,0GN3KY,NO,01K9YK  *5NOS,NO,0T6HR8,NO,NO,NO,05TRWM,600W  *2NOS(0Y20HJ),need_check,no,no,,,,2026-06-05T11:32:46.202158+05:30,2026-06-05T11:32:46.202158+05:30
4687,DELL,DELL POWEREDGE R620 8SFF,01W23F,0N6YNR  *2NOS,014VG6  *7NOS,0TY8F9,0FM487,037RG8,08TWYS,NO,0KVGG1,750W  *2NOS(0N30P9),need_check,no,no,,,,2026-06-05T11:32:46.202158+05:30,2026-06-05T11:32:46.202158+05:30
4686,HPE,HPE DL380 GEN10  8SFF,P11782-001,873592-001,870935-001,NO,ON BOARD 4P,NO,NO,NO,832305-002,500W *2NOS(865399-001),need_check,no,no,,,,2026-06-05T11:32:46.202158+05:30,2026-06-05T11:32:46.202158+05:30
4685,GIGABYTE,GIGABYTE P162-Z12,MZ12-HD4,NO,9919B26R,NO,NO,YES,YES,NO,NO,550W *2NOS (FSP550-20ERM),need_check,no,no,,,,2026-06-05T11:32:46.20114+05:30,2026-06-05T11:32:46.20114+05:30
4684,HPE,HPE DL325 GEN10 PLUS V2 10SFF,P40841-001,NO,P38509-001,NO,P13640-001,P20155-001,NO,NO,NO,NO,need_check,no,no,,,,2026-06-05T11:32:46.20114+05:30,2026-06-05T11:32:46.20114+05:30
4683,DELL,DELL POWEREDGE R440 8SFF,04JN2K,0994RT  *1NOS,0NW0CG  *5 NOS,0J7TNV,0WTV34,0FJ4M3,00VG0Y,NO,NO,550W  *2NOS(06V43G,need_check,no,no,,,,2026-06-05T11:32:46.20114+05:30,2026-06-05T11:32:46.20114+05:30
4682,HPE,HPE DL380 GEN10 PLUS 8SFF,P31231-001,P1497-001 *2NOS,P22802-001,YES,P13640-001,P24048-001,NO,NO,8SFF,800 *2NOS,need_check,no,no,,,,2026-06-05T11:32:46.200631+05:30,2026-06-05T11:32:46.200631+05:30
4681,HPE,HPE DL380 GEN9 24SFF * 2SFF,P843307-001,HPF 747607-001  *2NOS,HPF 777285-001  *6NOS,HPE Smart Array P840 12GB 2-Ports SAS Raid Controller 761880-001 WITHOUT BATTERY,ON BOARD,HPE DL380 Gen9 RISER 1 Cage WITH BOARD 777282-001,YES,NO,HP 777284-001,NO,need_check,no,no,,,,2026-06-05T11:32:46.200631+05:30,2026-06-05T11:32:46.200631+05:30
4680,DELL,DELL POWEREDGE R530 8LFF,0CN7X8,08XH97  *2NOS,0WFXP8  *5NOS,0GDJ3J,NO,NO,0KGP90,NO,NO,750W  *1NOS (0Y9VFC),need_check,no,no,,,,2026-06-05T11:32:46.199671+05:30,2026-06-05T11:32:46.199671+05:30
4679,DELL,DELL POWEREDGE R7525,0WMWCR,P14966-001  *1NOS,0XD7N7  *6NOS,02R3N9,061X09,02XTTT,0DF7XH,NO,571RM,1400W  *2NOS(01CW9G),need_check,no,no,,,,2026-06-05T11:32:46.199671+05:30,2026-06-05T11:32:46.199671+05:30
4678,DELL,DELL POWEREDGE R820,0RN9TC,0FHV0D,00PGDX  *6NOS,NO,NO,03FHMX,0D13MJ,01FRG9,022FYP,1100W  *2NOS (0YT39Y),need_check,no,no,,,,2026-06-05T11:32:46.199671+05:30,2026-06-05T11:32:46.199671+05:30
4677,HPE,HPE DL360p GEN8 4LFF,732150-001,NO,696154-002  *5NOS,NO,NO,667866-001,NO,NO,667869-001,460W *2N0S (643954-301),need_check,no,no,,,,2026-06-05T11:32:46.198671+05:30,2026-06-05T11:32:46.198671+05:30
4676,DELL,DELL POWEREDGE R750XS 16SFF,0PPTY2,NO,0JF857  *5NOS,NO,NO,NO,NO,NO,KMWW8,800W *2NOS (0MGPPC),need_check,no,no,,,,2026-06-05T11:32:46.198671+05:30,2026-06-05T11:32:46.198671+05:30
4675,HPE,HPE DL380 GEN10 12LFF,875073-001,873592-001  *2NOS,870935-001  *6NOS,836260-001 96W WITH BATTERY,ON BOARD 4P,875059-001,871820-001,NO,868705-B21,800W *2NOS(865412-502 ),need_check,no,no,,,,2026-06-05T11:32:46.198671+05:30,2026-06-05T11:32:46.198671+05:30
4674,DELL,DELL POWEREDGE 730 8SFF,04N3DF,0YY2R8  *2NOS,0KH0P6  *6NOS,0GDJ3J,0R1XFC,04KKCY,0392WG,0DT9H6,TGNMY,750W  *2NOS (05RHVV),need_check,no,no,,,,2026-06-05T11:32:46.197672+05:30,2026-06-05T11:32:46.197672+05:30
4673,DELL,DELL POWEREDGE 730XD 24SFF,0599V5,0YY2R8  *2NOS,0KH0P6  *6NOS,0GDJ3J,0R1XFC,04KKCY,0392WG,0800JH,"2RRVJ, PGP6R,0PGP6R",1100W  *1NOS (0CMPGM),need_check,no,no,,,,2026-06-05T11:32:46.197672+05:30,2026-06-05T11:32:46.197672+05:30
4672,DELL,DELL POWEREDGE R720 8SFF,0W7JN5,05JW7M,03RKJC,05CT6D,NO,0DD3F6,O7XHMV,0PCVNF,022FYP,495W*2(0N24MJ),need_check,no,no,,,,2026-06-05T11:32:46.197672+05:30,2026-06-05T11:32:46.197672+05:30
4671,QUAUNTA,Hitachi DS220 12LFF,AT990400092,N/A,ASVDQ5DC66P03,N/A,3GS5BMA0000,33S5BRB00E0,33S5BRB00B0,33S5BRB0090,32S5BHB0030,800W*2(MPS8146),need_check,no,no,,,,2026-06-05T11:32:46.197672+05:30,2026-06-05T11:32:46.197672+05:30
4670,DELL,DELL POWEREDGE R730XD 24 SFF,0599V5,0YY2R8  *2NOS,0KH0P6  *6NOS,0P2R3R,NO,04KKCY,0392WG,0800JH,NO,NO,need_check,no,no,,,,2026-06-05T11:32:46.196617+05:30,2026-06-05T11:32:46.196617+05:30
4669,DELL,DELL POWEREDGE R630 10SFF,02C2CP,STD 0H1M29  *2NOS,STD FAN 0F1YN7  *7NOS,0GDJ3J,099GTM,0999FX,NO,Dell Riser-Board PCI-E 3.0 x16 Slot 2 PowerEdge R630 - 06R1H1,"MG81C. Dell R430 R630 8SFF Backplane. Backplane Storage 8 x 2.5"" (8SFF)",495WATT  *2NOS (0GRTNK),need_check,no,no,,,,2026-06-05T11:32:46.196617+05:30,2026-06-05T11:32:46.196617+05:30
4668,DELL,DELL POWEREDGE R730 8LFF,0599V5,NO,0H0H89  *6NOS,NO,NO,NO,NO,NO,NO,NO,need_check,no,no,,,,2026-06-05T11:32:46.196617+05:30,2026-06-05T11:32:46.196617+05:30
4667,DELL,DELL POWEREDGE R740XD,0JMK61,STD 0TRJT7  *1NOS,STD FAN 0N5T36  *6NOS,NO,NO,Dell 0PM3YD PowerEdge R740 R740XD 1B 3X8 PCIe Riser Board PM3YD,Dell Secondary 2nd PCIe x16 / x8 / x8 GPU Riser,0DTTHJ DELL PowerEdge R740 R740XD Server RISER 3 Card Expansion Card,Dell POWEREDGE R740/R740XD 24*SFF BACKPLANE  P1MJ3 and K2Y8N,1100WATT    *2NOS(0Y26KX),need_check,no,no,,,,2026-06-05T11:32:46.195064+05:30,2026-06-05T11:32:46.195064+05:30
4666,HPE,DL360P GEN8,732150-001,STD 654757-001 *2NOS,STD FAN 654752-003  *6NOS,NO,"HP 331FLR 1Gb RJ45, Quad Port FlexiLOM Network Card",HP 667866-001 DL360P GEN8 PCIE X8 RISER BOARD,NO,NO,HP 667869-001 DL360p Gen8 LFF Backplane Board,460WATT   *2NOS(643954-301),need_check,no,no,,,,2026-06-05T11:32:46.195064+05:30,2026-06-05T11:32:46.195064+05:30
4665,HPE,HPDL380P GEN8,732143-001,STD 715818-001 *2NOS,STD FAN 654577-003  *6NOS,NO,"HP 331FLR 1Gb RJ45, Quad Port FlexiLOM Network Card","662524-001 HP DL380 G8 3-Slot PCI-E Riser Card one x16 slot, and two x8",NO,NO,HP 647407-001 ProLiant DL380p G8 12x LFF SAS HDD Backplane,750WATT  *2NOS (643955-001),need_check,no,no,,,,2026-06-05T11:32:46.195064+05:30,2026-06-05T11:32:46.195064+05:30
4664,DELL,DELL POWEREDGE R440,04JN2K,NO,NO,0NW0CG  *5NOS,0CG2YM,NO,0FJ4M3,NO,0PJW9F,550W  *2NOS(06V43G),need_check,no,no,,,,2026-06-05T11:32:46.195064+05:30,2026-06-05T11:32:46.195064+05:30
4663,DELL,DELL POWEREDGE R350,01F7TF,STD 0NV1CY  *1NOS,STD FAN 0DGTG9  *4NOS,Dell PERC H730P+ 0XYHWN 12Gb SAS counteroler on PCIe interface,NO,R250 servers expander Riser card 3WNVY,NO,NO,Dell 0VXFND 4-Bays 3.5-inch Hard Drive Backplane,600WATT  *2NOS  (0Y20HJ),need_check,no,no,,,,2026-06-05T11:32:46.194083+05:30,2026-06-05T11:32:46.194083+05:30
4662,DELL,DELL POWEREDGE R340,045M96,STD 0NV1CY  *1NOS,STD FAN 050G83  *4NOS,Dell PERC H730P+ 0XYHWN 12Gb SAS counteroler on PCIe interface,NO,DELL Riser Board Assembly 0593D8 PCIe x16/ x8,NO,NO,0TDM6T Dell 4 BAY LFF 3.5-inch Hard Drive Backplane,550WATT  *2NOS  (06V43G),need_check,no,no,,,,2026-06-05T11:32:46.194083+05:30,2026-06-05T11:32:46.194083+05:30
4661,HPE,DL360 GEN9,P84337-001,STD 775403-001  *2NOS,STD FAN 775415-001  *7NOS,ONLY BATTERY,ON BOARD 4P,HP DL360 G9 Riser Bracket Assembly With Riser Card 775421-001,NO,NO,HP 780428-001 - HP 8SFF SAS/SATA Backplane,500WATT  *2NOS (754377-001),need_check,no,no,,,,2026-06-05T11:32:46.194083+05:30,2026-06-05T11:32:46.194083+05:30
4660,HPE,DL 360 GEN10 PLUS,P31231-002,NO,STD FAN P227799-001  *3NOS,MR416i-a RAID (P62613-001) WITHOUT  BATTERY,P13640-001 BCM57416 Ethernet 10Gb 2-Port Base-T OCP3 Adapter,HP P31228-001 - HP 1U G10+ Primary Riser Board+Cage,NO,NO,"P21213-003, 8SFF U.3 x1 S/S/NVMe E BP with 1 slimSAS",NO,need_check,no,no,,,,2026-06-05T11:32:46.193065+05:30,2026-06-05T11:32:46.193065+05:30
4659,DELL,DELL POWEREDGE R640,06CKY5,NO,STD FAN 0RG2X2  *8NOS,NO,Dell 064PJ8 Intel X550 10GB RJ-45 Quad-Port,0815DM Dell POWEREDGE R640 Server 10 Bay HDD PCIe Slot2 Riser,NO,NO,"Dell 94J5V PowerEdge R640 8x 2.5"" HDD Backplane 094J5V",NO,need_check,no,no,,,,2026-06-05T11:32:46.193065+05:30,2026-06-05T11:32:46.193065+05:30
4658,DELL,DELL POWEREDGE R720,0W7JNW,05JW7M  *2NOS,N3RKJC  *6NOS,YES,0FM487,YES,YES,YES,022FYP,750W  *2NOS(06W2PW),need_check,no,no,,,,2026-06-05T11:32:46.193065+05:30,2026-06-05T11:32:46.193065+05:30
4657,DELL,DELL POWEREDGE R630,0CNCJW,NO,STD FAN 0VGMHR  *7NOS,NO,NO,NO,NO,Dell Riser-Board PCI-E 3.0 x16 Slot 2 PowerEdge R630 - 06R1H1,"MG81C. Dell R430 R630 8SFF Backplane. Backplane Storage 8 x 2.5"" (8SFF)",495WATT  *2NOS (0GRTNK),need_check,no,no,,,,2026-06-05T11:32:46.192084+05:30,2026-06-05T11:32:46.192084+05:30
4656,DELL,DELLPOWEREDGE R7425,08V001,NO,STD FAN 0N5T36  *6NOS,Dell J14dc Perc H730p Pci-express 3.0 Sas Raid Controller,Dell CD2VM Intel Ethernet X540 Quad-port 10gb + I350 1gb,Dell EMC PowerEdge R740XD Riser 1 Card PCI Board Dell P/N: 0GHGTP,Dell R7425 Riser2 X16 X8 PCIe RSR card riser JR0CR,0DTTHJ FOR DELL PowerEdge R740 R740XD Server RISER 3 Card Expansion Card,Dell 0FKW4Y SAS cable for PowerEdge R740 R7425 8LFF BP,1100WATT  *2NOS (0Y26KX),need_check,no,no,,,,2026-06-05T11:32:46.192084+05:30,2026-06-05T11:32:46.192084+05:30
4655,DELL,DELL POWEREDGE R730XD,0599V5,STD 0YY2R8  *2NOS,STD FAN OCW51C  *6NOS,NO,NO,Dell 04KKCY 8H6JW PowerEdge R730 R730xd Riser 1,NO,Dell DT9H6 PowerEdge R730 R730xd PCI Riser 3 Card 2x8 Slot,CDVF9 DELL 12 X 3.5'' LFF HDD BACKPLANE FOR POWEREDGE R730XD,495WATT  *2NOS (0TH1CT),need_check,no,no,,,,2026-06-05T11:32:46.191078+05:30,2026-06-05T11:32:46.191078+05:30
4654,DELL,DELL POWEREDGE R430,0J2MM7,STD 02FKY9  *NOS,STD FAN 0Y9NVK  *6NOS,Dell GDJ3J PERC H330 Mini Mono 12Gb/s SAS RAID Controller,NO,Dell PowerEdge R430 Server Dual PCI Express 3.0 x16 Riser Assembly 07N2YT,NO,NO,0MG81C Dell 2.5inch SFF8 Hard Drive Server Backplane,550WATT  *2NOS (0034X1),need_check,no,no,,,,2026-06-05T11:32:46.191078+05:30,2026-06-05T11:32:46.191078+05:30
4653,DELL,DELL POWEREDGE R630 8SFF,02C2CP,STD 0H1M29  *2NOS,STD FAN 0F1YN7  *7NOS,Dell GDJ3J PERC H330 Mini Mono 12Gb/s SAS RAID Controller,NO,0999FX,ONGV45,Dell Riser-Board PCI-E 3.0 x16 Slot 2 PowerEdge R630 - 06R1H1,"MG81C. Dell R430 R630 8SFF Backplane. Backplane Storage 8 x 2.5"" (8SFF)",750W  *2NOS(05RHVV),need_check,no,no,,,,2026-06-05T11:32:46.191078+05:30,2026-06-05T11:32:46.191078+05:30
4652,DELL,DELL POWEREDGE R740XD 24SFF,0JMK61,00F8NV,04VXP3,0GP6RN,06VDPG,0PM3YD,0DGGT3,N/A,058D2W,750W*2 (05RHVV),need_check,no,no,,,,2026-06-05T11:32:46.190105+05:30,2026-06-05T11:32:46.190105+05:30
4651,DELL,DELL POWEREDGE R730 16SFF,07236D,0YY2R8  *2NOS,0HK9PH  *6NOS,0GDJ3J,0CD2VM,04KKCY,0N11WF,0DT9H6,0DTCR0,1100W  *2NOS(0PR21C),need_check,no,no,,,,2026-06-05T11:32:46.190105+05:30,2026-06-05T11:32:46.190105+05:30
4650,DELL,DELL POWEREDGE NX3230,072T6D,STD 0YY2R8  *1NOS,STD FAN 0HK9PH  *6NOS,NO,NO,NO,Dell R730 Riser Card 2 Slot PCIe x8 1x 8-pin 0N11WF,Dell DT9H6 PowerEdge R730 R730xd PCI Riser 3 Card 2x8 Slot,CDVF9 DELL 12 X 3.5'' LFF HDD BACKPLANE FOR POWEREDGE R730XD,1100WATT  *2NOS (0PR21C),need_check,no,no,,,,2026-06-05T11:32:46.190105+05:30,2026-06-05T11:32:46.190105+05:30
4649,DELL,DELL POWEREDGE R730XD 12LFF *2SFF,04N3DF,STD 0YY2R8  *2NOS,STD FAN OCW51C  *6NOS,0GJD3J,0165T0,Dell 04KKCY 8H6JW PowerEdge R730 R730xd Riser 1,Dell Poweredge R730 R730XD PCI Riser 2 Card 0392WG,Dell DT9H6 PowerEdge R730 R730xd PCI Riser 3 Card 2x8 Slot,CDVF9 DELL 12 X 3.5'' LFF HDD BACKPLANE FOR POWEREDGE R730XD,750WATT  *2NOS (OHTRH4),need_check,no,no,,,,2026-06-05T11:32:46.189079+05:30,2026-06-05T11:32:46.189079+05:30
4648,DELL,DELL POWEREDGE NX3240 12LFF,01YMQ3,STD 0C6R9H  *6NOS,HPF 04VXP3  *2NOS,NO,NO,Dell 0PM3YD Riser #1 Slot 2 LP (G3X8),Dell EMC DGGT3 PowerEdge R740 0DGGT3 Chasis Riser 2B,NO,"0RDRTM Dell EMC PowerEdge R740xd R7425 R7415 12-Bay 3.5"" LFF Server Backplane",495WATT  *2NOS (0GRTNK),need_check,no,no,,,,2026-06-05T11:32:46.189079+05:30,2026-06-05T11:32:46.189079+05:30
4647,DELL,DELL POWEREDGE R740 8SFF,01YM03,STD 00F8NV  *2NOS,STD FAN 0N5T36  *6NOS,75D1H,Dell Cd2vm Intel Ethernet X540 Quad-port 10gb + I350 1gb,Dell 0PM3YD Riser #1 Slot 2 LP (G3X8),0J7W3K,NO,"0R3GPC - Dell POWEREDGE R740 HDD Backplane 8 X2.5"" With SAS Cables",1100WATT  *1NOS (0Y26KX),need_check,no,no,,,,2026-06-05T11:32:46.189079+05:30,2026-06-05T11:32:46.189079+05:30
4646,DELL,DELL POWEREDGE R230 2LFF,0DWX9P,STD 0RJHXF  *1NOS,STD FAN 0PGDYY  *3NOS,NO,NO,Dell 0593D8 Riser Board #3 for R230/R330,NO,NO,NO,250WATT  *1NOS (0P59VM),need_check,no,no,,,,2026-06-05T11:32:46.188064+05:30,2026-06-05T11:32:46.188064+05:30
4645,DELL,DELL POWEREDGE R740 8LFF,06WXJT,N/A,0N5T36,N/N,0FM487,0PM3YD,0DGGT3,N/A,0CP90M,495W *2 (0GRTNK),need_check,no,no,,,,2026-06-05T11:32:46.188064+05:30,2026-06-05T11:32:46.188064+05:30
4644,DELL,DELL POWEREDGE R730 8SFF,0599V5,STD 0YY2R8  *2NOS,STD FAN 0KH0P6  *6NOS,Dell GDJ3J PERC H330 Mini Mono 12Gb/s SAS RAID Controller,NO,Dell 04KKCY 8H6JW PowerEdge R730 R730xd Riser 1,Dell Poweredge R730 R730XD PCI Riser 2 Card 0392WG,Dell DT9H6 PowerEdge R730 R730xd PCI Riser 3 Card 2x8 Slot,"Dell 0TGNMY R730 Backplane 2.5"" x 8",495WATT  *2NOS (0GRTNK),need_check,no,no,,,,2026-06-05T11:32:46.188064+05:30,2026-06-05T11:32:46.188064+05:30
4643,DELL,DELL POWEREDGE R540 8LFF,0PRWNC,STD OG70XM  *2N0S,STD FAN 0H3H8Y  *5NOS,NO,NO,Dell EMC Poweredge R540 Chassis Riser 08XK04,NO,NO,8 LFF BACKPLANE,NO,need_check,no,no,,,,2026-06-05T11:32:46.187065+05:30,2026-06-05T11:32:46.187065+05:30
4642,HPE,HPE DL385 GEN10,P00648-001,NO,HPF FAN P870935-001  *6NOS,Hpe 836260-001 Smart Array P408i-a Sr Gen10 WITHOUT BATTERY,ON BOARD 4P,NO,NO,NO,HP 832305-002 - HP 8SFF Backplane,500WATT *2NOS (865399-201),need_check,no,no,,,,2026-06-05T11:32:46.187065+05:30,2026-06-05T11:32:46.187065+05:30
4641,HPE,HPE STORE EASY 1650,P843307-001,STD 747608-001  *1NOS,HPF FAN P759250-001  *6NOS,HP Smart Array P440ar Controller 749746-001,ON BOARD 4P,HP HPE DL380 Gen9 Primary 3 Slot Riser Kit P/N 719072-001,NO,NO,"HP DL380 DL388 G9 12X3.5"" LFF Backplane Board 742794-001",800WATT  *2NOS (723600-101),need_check,no,no,,,,2026-06-05T11:32:46.187065+05:30,2026-06-05T11:32:46.187065+05:30
4640,HPE,HPE DL360 GEN10,P19926-001,NO,NO,NO,N0,875545-001,NO,NO,NO,NO,need_check,no,no,,,,2026-06-05T11:32:46.187065+05:30,2026-06-05T11:32:46.187065+05:30
4639,HPE,HPE DL 385 GEN 10 PLUS,P40453-001,NO,STD FAN P22802-001 *6NOS,MR416i-a RAID (P62613-001),P13640-001 BCM57416 Ethernet 10Gb 2-Port Base-T OCP3 Adapter,HPE P24048-001 NEW 2U 3x16 TRI-MODE PCI RISER,NO,NO,NO,1600W *2NOS (830270-202),need_check,no,no,,,,2026-06-05T11:32:46.186042+05:30,2026-06-05T11:32:46.186042+05:30
4638,HPE,DL380 GEN10 8SFF,P875073-001,873592-001  *2NOS,STD 873802-001   *2NOS,NO,ON BOARD 4P,NO,NO,NO,HP 832305-002 - 8SFF Backplane,800WATT  *2NOS (865412-102),need_check,no,no,,,,2026-06-05T11:32:46.186042+05:30,2026-06-05T11:32:46.186042+05:30
4637,HPE,DL160 GEN9 8SFF,P848082-001,NO,STD 768753-001  *7NOS,NO,NO LAN ON BOARD,HP 779098-001 - HP Riser Card For DL160 G9,NO,NO,HP 780428-001 - 8SFF SAS/SATA Backplane,900WATT  *2NOS (775593-201),need_check,no,no,,,,2026-06-05T11:32:46.186042+05:30,2026-06-05T11:32:46.186042+05:30
4636,HPE,HPE DL380 GEN9 12LFF * 2SFF,P843307-001,HPF 747607-001  *2NOS,HPF 777285-001  *6NOS,HPE Smart Array P840 12GB 2-Ports SAS Raid Controller 761880-001 WITH BATTERY,ON BOARD,HPE DL380 Gen9 RISER 1 Cage WITH BOARD 777282-001,NO,NO,HP 777284-001 - HP 12LFF Backplane for DL380 G9,1400WATT  *2N0S (733428-101),need_check,no,no,,,,2026-06-05T11:32:46.18502+05:30,2026-06-05T11:32:46.18502+05:30
4635,HPE,HPE DL385 GEN10  8SFF,P00648-001,NO,STDFAN P22800-001  *6NOS,Hpe 836260-001 Smart Array P408i-a Sr Gen10 WITH BATTERY,ON BOARD,HP PCI RISER CAGE WITH BOARD (871820-001),NO,NO,HP 832305-002 - HP 8SFF Backplane,500WATT  *2NOS (865399-501),need_check,no,no,,,,2026-06-05T11:32:46.18502+05:30,2026-06-05T11:32:46.18502+05:30
4634,HPE,HPE PROLIANT DL365 G10 PLUS 8SFF,P40453-001,NO,P30189-001  *7NOS,P62613-001,P13640-001,P31228-001,NO,NO,P39777-001,800W  *2NOS(865426-201),need_check,no,no,,,,2026-06-05T11:32:46.184096+05:30,2026-06-05T11:32:46.184096+05:30
4633,HPE,HPE DL 385 GEN 11 8SFF,P65846-002,NO,STD FAN P51156-001 *6NOS,P58543-001 MR408i-o Gen11 x8 Lanes 4GB,HPE P10095-001 Broadcom BCM57416 Ethernet 10gb 2-Port BASE,HP P59443-001 DL385 Gen11 x16 Riser Board,NO,NO,HPE P39781-001 2SFF U.3 x4 SAS/SATA/NVMe Backplane,800WATT  *2NOS (865412-102),need_check,no,no,,,,2026-06-05T11:32:46.184096+05:30,2026-06-05T11:32:46.184096+05:30
4632,HPE,HPE DL 385 GEN 10 PLUS V2  8SFF,P09185-002/P40453-001,NO,STD FAN P22802-001 *6NOS,MR416i-a RAID (P62613-001) WITH 12WATT BATTERY,BCM57412 Ethernet 10Gb 2-port SFP+ OCP3 (P26873-001 ) *1,2U 3X16 TRI MODE PCI RISER BOARD (P08096-001,NO,NO,"8SFF U.3 x1 basic backplane, P39781-001",800WATT *2 (865412-102),need_check,no,no,,,,2026-06-05T11:32:46.182426+05:30,2026-06-05T11:32:46.182426+05:30