stock_id,brand,capacity,ram_type,rank,condition_new,condition_refurbished,product_name,needs_review
3,ADATA,16GB,DDR4,2Rx8,no,no,ADATA 16 GB 2Rx8 PC4 2666V SE1 Refurbished RAM,no
4,ADATA,32GB,DDR4,2Rx8,no,no,ADATA 32 GB 2Rx8 PC4 3200AA RE3 NEW RAM,no
5,Cisco,16GB,DDR3,2RX4,no,no,CISCO 16GB 2RX4 PC3L 12800R REFURBISHED RAM,no
6,Cisco,32GB,DDR4,1Rx4,no,no,CISCO 32GB 1Rx4 PC4 2933Y RC2 REFURBISHED RAM,no
7,Cisco,32GB,DDR4,2RX4,no,no,CISCO 32GB 2RX4 PC4 2666V RB2 REFURBISHED RAM,no
8,Cisco,32GB,DDR4,2Rx4,no,no,Cisco 32GB 2Rx4 PC4-2400T 2400MHz ECC REG Refurbished Server Memory,no
9,Cisco,128GB,DDR4,2S4Rx4,no,no,CISCO 128GB 2S4Rx4 PC4 2666V RB2 REFURBISHED RAM,no
10,Crucial,8GB,DDR4,,no,no,CRUCIAL 8GB DDR4 2400 UDIMM REFURBISHED RAM,no
11,Dell,8GB,DDR3,2RX8,no,no,DELL 8GB  240-pin PC3L-12800R DDR3-1600MHz 2RX8 ECC Memory  – NEW RAM,no
12,Dell,16GB,DDR4,2RX8,no,no,DELL 16GB 2RX8 Ecc Pc4-19200 2400Mhz NEW RAM,no
13,Dell,16GB,DDR4,2RX8,no,no,DELL 16GB PC4-21300V DDR4-2666 2RX8 ECC Memory DIMM NEW RAM,no
14,Dell,32GB,DDR3,4RX4,no,no,DELL 32GB PC3L-10600R 4RX4 ECC NEW RAM,no
15,HPE,8GB,DDR4,1RX8,no,no,HPE 1RX8 PC4 2666V RD1 8GB REFURBISHED RAM,no
16,HPE,8GB,DDR3,2RX4,no,no,HPE 2RX4 PC3-10600R 8GB REFURBISHED RAM,no
17,HPE,8GB,DDR4,1Rx4,no,no,HPE 8GB 1Rx4 PC4  2133P – RC1  REFURBISHED RAM – 752368-581,no
18,HPE,8GB,DDR4,1RX8,no,no,HPE 8GB 1RX8 PC4 2133P ED1 REFURBISHED RAM,no
19,HPE,8GB,DDR3,2Rx4,no,no,HPE 8GB 2Rx4 PC3 10600R 9 REFURBISHED RAM,no
20,HPE,8GB,DDR3,2Rx8,no,no,HPE 8GB 2Rx8 PC3 14900E  REFURBISHED RAM,no
21,HPE,16GB,DDR3,2Rx4,no,no,HPE  16GB 2Rx4 PC3  REFURBISHED RAM – 12800R 11,no
22,HPE,16GB,DDR4,,no,no,HPE 16GB (1x16GB) Dual Rank x8 DDR4-2933 CAS-21-21-21 Registered Smart Memory Kit (New)-P00922-B21,no
23,HPE,16GB,DDR4,,no,no,HPE 16GB (1x16GB) Dual rank x8 DDR4-3200 cas-22-22-22 Registered Smart Memory Kit (New)-P07642-B21,no
24,HPE,16GB,DDR4,,no,no,HPE 16GB (1x16GB) single rank x4 DDR4-3200 cas-22-22-22 Registered Smart Memory Kit (New)-P07640-B21,no
25,HPE,16GB,DDR4,1RX4,no,no,HPE 16GB 1RX4 PC4 2933Y RC2  – L15416-501- NEW RAM,no
26,HPE,16GB,DDR4,1Rx4,no,no,HPE 16GB 1Rx4 PC4-2933Y-R Smart Kit (New)-P00920-B21,no
27,HPE,16GB,DDR4,1Rx4,no,no,HPE 16GB 1Rx4 PC4-3200AA-R Smart Kit (New)-P06029-B21,no
28,HPE,16GB,DDR5,1Rx8,no,no,HPE 16GB 1Rx8 PC5 4800B RD0 NEW RAM,no
29,HPE,16GB,DDR3,2RX4,no,no,HPE 16GB 2RX4 PC3 12800R-11  REFURBISHED RAM – 672612-081,no
30,HPE,16GB,DDR3,2RX4,no,no,HPE 16GB 2RX4 PC3L 12800R REFURBISHED RAM – 713756-081,no
31,HPE,16GB,DDR4,2Rx8,no,no,HPE 16GB 2Rx8 PC4-3200AA-R Smart Kit (New)-P06031-B21,no
32,HPE,16GB,DDR4,,no,no,HPE 16GB single RanK x4 DDR4-2666 New Smart Memory Kit – 815098-B21,no
33,HPE,16GB,DDR4,1Rx4,no,no,HPE 1Rx4 PC4 2400T RC1 16GB REFURBISHED RAM,no
34,HPE,16GB,DDR4,1RX4,no,no,HPE 1RX4 PC4 3200AA RC2 16GB REFURBISHED RAM – p11442-191,no
35,HPE,16GB,DDR4,2Rx4,no,no,HPE 2Rx4 PC4 2133P RA0 16 GB REFURBISHED RAM – 752369-5A1,no
36,HPE,16GB,DDR4,2RX4,no,no,HPE 2RX4 PC4 2400T RB1 16GB REFURBISHED RAM-809081-081,no
37,HPE,16GB,DDR3,4RX4,no,no,HPE 4RX4 PC3 8500R 7 16GB REFURBISHED RAM – 500207-071,no
38,HPE,32GB,DDR4,2RX4,no,no,HPE 2RX4 PC4 2933Y RB2 32 GB REFURBISHED RAM – P03052-191,no
39,HPE,32GB,DDR4,2Rx4,no,no,HPE 32GB  2Rx4 PC4 3200AA-RB2 REFURBISHED RAM –  P11444-091,no
40,HPE,32GB,DDR4,,no,no,HPE 32GB (1x32GB) Dual Rank x4 DDR4-2666 cas-19-19-19 Registered Smart Memory Kit(New)-815100-B21,no
41,HPE,32GB,DDR4,,no,no,HPE 32GB (1x32GB) Dual Rank x4 DDR4-3200 cas-22-22-22 Registered Smart Memory Kit (New)-P07646-B21,no
42,HPE,32GB,DDR4,,no,no,HPE 32GB (1x32GB) Dual RanK x8 DDR4-2933 CAS-21-21-21 Registered Smart Memory Kit (New)-P00924-B21,no
43,HPE,32GB,DDR4,2RX4,no,no,HPE 32GB 2RX4 PC4 2400T RA1 REFURBISHED RAM – 809083-091,no
44,HPE,32GB,DDR4,2RX4,no,no,HPE 32GB 2RX4 PC4 2400T RA1 REFURBISHED RAM -872906-091,no
45,HPE,32GB,DDR4,2RX4,no,no,HPE 32GB 2RX4 PC4 2666V RB2 REFURBISHED RAM – 840758-091,no
46,HPE,32GB,DDR4,2RX4,no,no,HPE 32GB 2RX4 PC4 3200AA RB2 Refurbished RAM,no
47,HPE,32GB,DDR4,2Rx4,no,no,HPE 32GB 2Rx4 PC4 3200AA-RB2 REFURBISHED RAM – P03052-091,no
48,HPE,32GB,DDR4,2RX4,no,no,HPE 32GB 2RX4 PC4-2400T-R KIT NEW RAM – 805351-B21,no
49,HPE,32GB,DDR4,2Rx4,no,no,HPE 32GB 2Rx4 PC4-3200AA-R Smart Kit (New)-P06033-B21,no
50,HPE,32GB,DDR4,2RX4,no,no,HPE 32GB 2RX4 PC4-3200AA-RB2 NEW RAM,no
51,HPE,32GB,DDR5,2Rx8,no,no,HPE 32GB 2Rx8 PC5 4800B-E STAND KIT New RAM – P64339-B21,no
52,HPE,32GB,DDR5,2Rx8,no,no,HPE 32GB 2Rx8 PC5 5600B RE0 New RAM – P43330-1A1,no
53,HPE,32GB,DDR5,,no,no,HPE 32GB DDR5 4800 NECC NEW MEMORY – 4M9Y2AA,no
54,HPE,32GB,DDR4,2Rx4,no,no,HPE 32GB NEW RAM  2Rx4 PC4 2666V -R SMAT KIT – 815100-B21,no
55,HPE,64GB,DDR4,2RX4,no,no,HPE 2RX4 PC4 2933Y RA2 64GB – NEW RAM – P03053-0A1,no
56,HPE,64GB,DDR4,2RX4,no,no,HPE 64GB  2RX4 PC4 2933Y RB3 –  P03053-0A1 – NEW RAM,no
57,HPE,64GB,DDR4,,no,no,HPE 64GB (1x64GB) Dual Rank x4 DDR4-2933 CAS-21-21-21 Registered Smart Memory Kit (New)-P00930-B21,no
58,HPE,64GB,DDR4,,no,no,HPE 64GB (1x64GB) Dual rank x4 DDR4-3200 cas-22-22-22 Registered Smart Memory Kit (New)-P07650-B21,no
59,HPE,64GB,DDR4,2Rx4,no,no,HPE 64GB 2Rx4 PC4 2933Y RB4 REFURBISHED RAM – P19250-001,no
60,HPE,64GB,DDR4,2RX4,no,no,HPE 64GB 2RX4 PC4 3200AA RB2 REFURBISHED RAM – P03053-0A1,no
61,HPE,64GB,DDR4,2RX4,no,no,HPE 64GB 2RX4 PC4 3200AA RB4 NEW RAM – P03053-0A1,no
62,HPE,64GB,DDR4,2Rx4,no,no,HPE 64GB 2Rx4 PC4 3200AA-R SMART KIT NEW RAM,no
63,HPE,64GB,DDR4,2Rx4,no,no,HPE 64GB 2Rx4 PC4-3200AA-R Smart Kit (New)-P06035-B21,no
64,HPE,64GB,DDR4,4DRx4,no,no,HPE 64GB 4DRx4 PC4 2666V LD2 840759-091 REFURBISHED RAM,no
65,HPE,128GB,DDR4,4Rx4,no,no,HPE 128GB 4Rx4 PC4-3200AA-L Smart Kit (New)-P06037-B21,no
66,HPE,128GB,DDR4,4RX4,no,no,HPE 128GB 4RX4 PC4-3200AA-L Smart Kit (New)-P07652-B21,no
67,Kingston,8GB,DDR3,2Rx8,no,no,KINGSTON 8 GB 2Rx8 DDR3 Refurbished RAM,no
68,Kingston,8GB,DDR4,1Rx16,no,no,KINGSTON 8GB 1Rx16 PC4 3200AA SC0 – REFURBISHED RAM,no
69,Kingston,8GB,DDR4,1RX4,no,no,KINGSTON 8GB 1RX4 PC4 2133P RC1-11 REFURBISHED RAM,no
70,Kingston,8GB,DDR3,2RX4,no,no,KINGSTON 8GB 2RX4 PC3 10600R – REFURBISHED RAM,no
71,Kingston,8GB,DDR2,,no,no,KINGSTON 8GB PC2 5300R ECC-  REFURBISHED RAM,no
72,Kingston,16GB,DDR3,2Rx4,no,no,KINGSTON 16 GB 2Rx4 DDR3L NEW RAM,no
73,Kingston,16GB,DDR4,2Rx4,no,no,KINGSTON 16 GB 2Rx4 DDR4 NEW RAM,no
74,Kingston,32GB,DDR3,2Rx4,no,no,KINGSTON 32 GB 2Rx4 DDR3 1600MHz Refurbished RAM,no
75,Kingston,32GB,DDR4,2Rx4,no,no,KINGSTON 32GB 2Rx4 PC4 2666V RB2 REFURBISHED RAM,no
76,Kingston,64GB,DDR5,2Rx8,no,no,KINGSTON 64GB 2 Rx8 DDR5 NEW RAM,no
77,Kingston,64GB,DDR5,2Rx4,no,no,KINGSTON 64GB 2Rx4 DDR5 NEW RAM,no
78,Lenovo,16GB,DDR4,2Rx8,no,no,LENOVO 16GB 2Rx8 PC4 3200AA EE1 NEW RAM,no
79,Lenovo,32GB,DDR4,2Rx8,no,no,LENOVO 32GB 3200MHZ 2Rx8 1.2V RDIMM NEW RAM,no
80,Micron,4GB,DDR3,2RX8,no,no,MICRON 4GB NEW RAM  2RX8 PC3 12800S,no
81,Micron,4GB,DDR4,1Rx16,no,no,MICRON 4GB NEW RAM 1RX16 PC4 2400T UC0,no
82,Micron,4GB,DDR4,1Rx16,no,no,MICRON 4GB NEW RAM 1RX16 PC4 2666V SC0,no
83,Micron,4GB,DDR3,1Rx4,no,no,MICRON 4GB NEW RAM 1Rx4 PC3L 10600R,no
84,Micron,4GB,DDR3,1RX8,no,no,MICRON 4GB NEW RAM 1RX8 PC3L 12800S 11,no
85,Micron,8GB,DDR3,1Rx4,no,no,MICRON 8 GB NEW RAM 1rx4 pc3l 10600r,no
86,Micron,8GB,DDR3,1Rx4,no,no,MICRON 8GB 1Rx4 PC3L 12800R 11 NEW RAM,no
87,Micron,8GB,DDR3,2Rx4,no,no,MICRON 8GB 2Rx4 PC3L 10600R 9 – NEW RAM,no
88,Micron,8GB,DDR5,1Rx16,no,no,MICRON 8GB NEW RAM 1RX16 PC5 4800B SC0,no
89,Micron,8GB,DDR4,1Rx8,no,no,MICRON 8GB NEW RAM 1Rx8 PC4 2400T RD1,no
90,Micron,8GB,DDR4,1RX8,no,no,MICRON 8GB NEW RAM 1RX8 PC4 2400T SA1,no
91,Micron,8GB,DDR3,2Rx4,no,no,MICRON 8GB NEW RAM 2Rx4 PC3 10600R 9,no
92,Micron,8GB,DDR3,2RX4,no,no,MICRON 8GB NEW RAM 2RX4 PC3L 10600R,no
93,Micron,8GB,DDR2,4RX4,no,no,MICRON 8GB NEW RAM 4RX4 PC2 5300P,no
94,Micron,8GB,DDR3,4rx8,no,no,MICRON 8GB NEW RAM 4rx8 pc3l 8500r,no
95,Micron,8GB,DDR4,1Rx8,no,no,MICRON 8GB RAM 1Rx8 PC4 2400T SA2 – REFURBISHED RAM,no
96,Micron,16GB,DDR4,2Rx4,no,no,MICRON 16GB  2Rx4 PC4 2133P RB0 – REFURBISHED RAM,no
97,Micron,16GB,DDR3,2Rx4,no,no,MICRON 16GB NEW RAM  2Rx4 PC3 12800R 11,no
98,Micron,16GB,DDR4,1Rx4,no,no,MICRON 16GB NEW RAM 1Rx4 PC4 2933Y RC2,no
99,Micron,16GB,DDR3,2RX4,no,no,MICRON 16GB NEW RAM 2RX4 PC3L 12800R-11-13-E2,no
100,Micron,16GB,DDR4,1RX8,no,no,MICRON 16GB RAM 1RX8 PC4 3200AA SA2 – REFURBISHED RAM,no
101,Micron,16GB,DDR4,2RX8,no,no,MICRON 16GB RAM 2RX8 PC4 2933Y RE2 – REFURBISHED RAM,no
102,Micron,16GB,DDR3,2Rx4,no,no,MICRON16GB RAM 2Rx4 PC3 14900R 13 REFURBISHED RAM,no
103,Micron,32GB,DDR5,2Rx8,no,no,MICRON 32 GB  NEW RAM 2Rx8 PC5 4800B RE0,no
104,Micron,32GB,DDR4,2RX4,no,no,MICRON 32 GB 2RX4 PC4 2933Y RB2 –  REFURBISHED RAM,no
105,Micron,32GB,DDR4,2RX4,no,no,MICRON 32GB 2RX4 PC4 2666V RB2 –  REFURBSHED RAM,no
106,Micron,32GB,DDR4,2Rx8,no,no,MICRON 32GB 2Rx8 PC4 3200AA RE2 NEW RAM,no
107,Micron,32GB,DDR4,1Rx4,no,no,MICRON 32GB NEW RAM 1Rx4 PC4 3200AA RB2,no
108,Micron,32GB,DDR4,1Rx4,no,no,MICRON 32GB RAM 1Rx4 PC4 3200AA RC2 – REFURBISHED RAM,no
109,Micron,64GB,DDR4,2Rx4,no,no,MICRON 64 GB 2Rx4 PC4 2933Y RB3 – NEW RAM,no
110,Micron,64GB,DDR4,2Rx4,no,no,MICRON 64 GB 2Rx4 PC4 3200AA RB3 – REFURBISHED RAM,no
111,Micron,64GB,DDR5,2Rx8,no,no,Micron 64GB 2 Rx8 DDR5 NEW RAM,no
112,Micron,64GB,DDR4,2Rx4,no,no,MICRON 64GB 2Rx4 PC4 2933Y RB4 – NEW RAM,no
113,Micron,64GB,DDR4,2RX4,no,no,MICRON 64GB 2RX4 PC4 3200AA RB2 – REFURBISHED RAM,no
114,Micron,64GB,DDR5,2Rx4,no,no,MICRON 64GB 2Rx4 PC5 4800B RA0 – NEW RAM,no
115,Nanya,8GB,DDR3,2Rx4,no,no,NANYA 8GB 2Rx4 PC3 10600R 9 Refurbished RAM,no
116,Samsung,,DDR4,1Rx16,no,no,SAMSUNG 1RX16 PC4 2400T UC0 11 NEW RAM,no
117,Samsung,,DDR4,1Rx16,no,no,SAMSUNG 1RX16 PC4 2666V SC0 NEW RAM,no
118,Samsung,,DDR3,1RX8,no,no,SAMSUNG 1RX8 PC3L 12800S 11 NEW RAM,no
119,Samsung,,DDR4,1RX8,no,no,SAMSUNG 1RX8 PC4 2133P SC0 NEW RAM,no
120,Samsung,,DDR4,1RX8,no,no,SAMSUNG 1RX8 PC4 2666V SA0 NEW RAM,no
121,Samsung,,DDR4,1RX8,no,no,SAMSUNG 1RX8 PC4 2666V SA1 NEW RAM,no
122,Samsung,,DDR4,2Rx4,no,no,SAMSUNG 2Rx4 PC4 2133P RA0 REFURBISHED RAM,no
123,Samsung,,DDR4,2Rx4,no,no,SAMSUNG 2Rx4 PC4 2400T RA1 – REFURBISHED RAM,no
124,Samsung,,DDR4,2Rx4,no,no,SAMSUNG 2Rx4 PC4 2666V RB2 REFURBISHED RAM,no
125,Samsung,,DDR3,2RX8,no,no,SAMSUNG 2RX8 PC3 10600R NEW RAM,no
126,Samsung,,DDR3,2RX8,no,no,SAMSUNG 2RX8 PC3 10600S 9 R NEW RAM,no
127,Samsung,,DDR3,2RX8,no,no,SAMSUNG 2RX8 PC3 10600U REFURBISHED RAM,no
128,Samsung,,DDR3,2RX8,no,no,SAMSUNG 2RX8 PC3 12800S 11 NEW RAM,no
129,Samsung,,DDR3,2RX8,no,no,SAMSUNG 2RX8 PC3L 12800 11 NEW RAM,no
130,Samsung,,DDR3,2RX8,no,no,SAMSUNG 2RX8 PC3L 12800U 11 NEW RAM,no
131,Samsung,,DDR4,2RX8,no,no,SAMSUNG 2RX8 PC4 1666V SC0 NEW RAM,no
132,Samsung,,DDR4,2RX8,no,no,SAMSUNG 2RX8 PC4-2133P-EE1 NEW RAM,no
133,Samsung,,DDR5,2Rx8,no,no,SAMSUNG 2Rx8 PC5 4800B RE0 NEW RAM,no
134,Samsung,,DDR4,4DRx4,no,no,SAMSUNG 4DRx4 PC4 2133P LD0 NEW RAM,no
135,Samsung,,DDR4,4DRx4,no,no,SAMSUNG 4DRx4 PC4 2666V LD2 – 840759-091 – New Ram,no
136,Samsung,,DDR3,4Rx4,no,no,SAMSUNG 4Rx4 PC3 14900L 13 NEW RAM,no
137,Samsung,,DDR4,2RX8,no,no,SAMSUNGB 2RX8 PC4 2666V UC0 NEW RAM,no
138,Samsung,8GB,DDR4,2Rx8,no,no,SAMSUNG 8GB  2Rx8 PC4 2133P RE0 – NEW RAM,no
139,Samsung,8GB,DDR5,1Rx16,no,no,SAMSUNG 8GB 1RX16 PC5 4800B SC0 –  NEW RAM,no
140,Samsung,8GB,DDR3,1Rx4,no,no,SAMSUNG 8GB 1Rx4 PC3 14900R 13 – NEW RAM,no
141,Samsung,8GB,DDR4,1RX8,no,no,SAMSUNG 8GB 1RX8 PC4 2133P SA0 – NEW RAM,no
142,Samsung,8GB,DDR4,1Rx8,no,no,SAMSUNG 8GB 1Rx8 PC4 2400T RD0 – NEW RAM,no
143,Samsung,8GB,DDR3,2Rx4,no,no,SAMSUNG 8GB 2Rx4 PC3 8500R 07 – NEW RAM,no
144,Samsung,8GB,DDR3,2Rx4,no,no,SAMSUNG 8GB 2Rx4 PC3L 10600R 09 – NEW RAM,no
145,Samsung,8GB,DDR3,2Rx4,no,no,SAMSUNG 8GB 2Rx4 PC3L 12800R 11 – NEW RAM,no
146,Samsung,8GB,DDR3,2Rx8,no,no,SAMSUNG 8GB 2Rx8 PC3L 12800S 11 –  NEW RAM,no
147,Samsung,8GB,DDR3,2Rx4,no,no,SAMSUNG 8GB NEW RAM 2Rx4 PC3 10600R 09,no
148,Samsung,8GB,DDR4,1Rx8,no,no,SAMUNG 8GB RAM 1Rx8 PC4 2666V SA1 LAPTOP RAM,no
149,Samsung,8GB,DDR4,1Rx8,no,no,"SUMSUNG 8GB, 1Rx8 2400T SA1 – REFURBISHED RAM",no
150,Samsung,16GB,DDR3,2RX4,no,no,SAMSUNG 16 GB 2RX4 PC3 14900R –  NEW RAM,no
151,Samsung,16GB,DDR4,2RX8,no,no,SAMSUNG 16GB  2RX8 PC4 2666V UA0 REFURBISHED RAM,no
152,Samsung,16GB,DDR4,1Rx4,no,no,SAMSUNG 16GB 1Rx4 PC4 2400T RC1 – 809082-591 – NEW RAM,no
153,Samsung,16GB,DDR4,1Rx4,no,no,SAMSUNG 16GB 1Rx4 PC4 2666V-RC2-12 – NEW RAM,no
154,Samsung,16GB,DDR3,2Rx4,no,no,SAMSUNG 16GB 2Rx4 PC3L 12800R 11 –  NEW RAM,no
155,Samsung,16GB,DDR4,2RX4,no,no,SAMSUNG 16GB 2RX4 PC4 2133P RA0 – NEW RAM,no
156,Samsung,16GB,DDR4,2RX8,no,no,SAMSUNG 16GB 2RX8 PC4 2666V UB1 REFURBISHED RAM,no
157,Samsung,16GB,DDR4,2Rx8,no,no,SAMSUNG 16GB 2Rx8 PC4 3200T EE1 – NEW RAM,no
158,Samsung,16GB,DDR3,4RX4,no,no,SAMSUNG 16GB 4RX4 PC3 8500R – NEW RAM,no
159,Samsung,16GB,DDR3,4RX4,no,no,SAMSUNG 16GB 4RX4 PC3L 8500R – NEW RAM,no
160,Samsung,16GB,DDR3,4Rx4,no,no,SAMSUNG 16GB 4Rx4 PC3L 8500R 07 – NEW RAM,no
161,Samsung,32GB,DDR4,2Rx4,no,no,SAMSUNG 32GB 2Rx4 PC4 3200AA RB2 – P03052-091 NEW RAM,no
162,Samsung,64GB,DDR5,2Rx8,no,no,SAMSUNG 64GB 2 Rx8 DDR5 NEW RAM,no
163,Samsung,64GB,DDR4,2Rx4,no,no,SAMSUNG 64GB 2Rx4 PC4 2933Y RA2 – NEW RAM,no
164,Samsung,64GB,DDR4,2Rx4,no,no,SAMSUNG 64GB 2Rx4 PC4 3200AA RA2 – NEW RAM,no
165,Samsung,64GB,DDR5,2Rx4,no,no,SAMSUNG 64GB 2Rx4 PC5 4800B RA0 NEW RAM,no
166,Samsung,64GB,DDR5,2Rx4,no,no,SAMSUNG 64GB 2Rx4 PC5 5600B RA0 – NEW RAM,no
167,Samsung,64GB,DDR4,4DRx4,no,no,SAMSUNG 64GB 4DRx4 PC4 2666V LD2 – P04178-001 – NEW RAM,no
168,Samsung,64GB,DDR4,4DRX4,no,no,SAMSUNG 64GB 4DRX4 PC4 2933Y LD2 – P12982-091 – NEW RAM,no
169,Samsung,64GB,DDR4,4DRX4,no,no,SAMSUNG 64GB 4DRX4 PC4 2933Y LE2 – NEW RAM,no
170,Samsung,64GB,DDR5,2Rx4,no,no,SAMSUNG 64GB NEW RAM 2Rx4 PC5 4800B RB0,no
171,Samsung,128GB,DDR4,2S2RX4,no,no,SAMSUNG 128GB 2S2RX4 PC4 2933Y RB2 – NEW RAM,no
172,SK Hynix,ddddd,DDR4,2Rx4,no,no,SK HYNIX 2Rx4 PC4 2666V RB2 REFURBISHED RAM,no
173,SK Hynix,4GB,DDR4,1Rx16,no,no,SK HYNIX 4GB 1rx16 pc4 2400t uc0 REFURBISHED RAM,no
174,SK Hynix,8GB,DDR4,1Rx8,no,no,SK HYNIX 8GB 1Rx8 PC4 2666V RD1 REFURBISHED RAM,no
175,SK Hynix,8GB,DDR4,1RX8,no,no,SK HYNIX 8GB 1RX8 PC4 2933Y RD1 REFURBISHED RAM,no
176,SK Hynix,8GB,DDR2,2RX4,no,no,SK HYNIX 8GB 2RX4 PC2 5300P REFURBISHED RAM,no
177,SK Hynix,8GB,DDR3,2Rx4,no,no,SK HYNIX 8GB 2Rx4 PC3L 10600R 9 REFURBISHED RAM,no
178,SK Hynix,8GB,DDR4,2Rx8,no,no,SK HYNIX 8GB 2Rx8 PC4 2133P RE0 REFURBISHED RAM,no
179,SK Hynix,8GB,DDR4,1Rx8,no,no,SK HYNIX 8GB NEW RAM 1Rx8 PC4 2400T ED2,no
180,SK Hynix,8GB,DDR4,1Rx8,no,no,SK HYNIX 8GB NEW RAM 1Rx8 PC4 2666V ED2,no
181,SK Hynix,8GB,DDR4,1Rx8,no,no,SK HYNIX 8GB NEW RAM 1Rx8 PC4 3200AA ED2,no
182,SK Hynix,8GB,DDR4,2RX8,no,no,SK HYNIX 8GB NEW RAM 2RX8 PC4-2133P-EE0-11,no
183,SK Hynix,8GB,DDR3,2RX4,no,no,SK HYNIX 8GB RAM 2RX4 PC3 10600R  – REFURBISHED RAM,no
184,SK Hynix,8GB,DDR4,2Rx4,no,no,SK Hynix/ Samsung/ Micron 8GB 2Rx4 DDR4 3200AA Refurbished RAM,no
185,SK Hynix,8GB,DDR3,2Rx4,no,no,SK Hynix/Samsung/Micron 8GB 2Rx4 DDR 3 8500R Refurbished Ram,no
186,SK Hynix,8GB,DDR3,2Rx4,no,no,SK Hynix/Samsung/Micron 8GB 2Rx4 DDR3 10600R Refurbished Ram,no
187,SK Hynix,8GB,DDR3,2Rx4,no,no,SK Hynix/Samsung/Micron 8GB 2Rx4 DDR3 12800R Refurbished Ram,no
188,SK Hynix,8GB,DDR4,2Rx4,no,no,SK Hynix/Samsung/Micron 8GB 2Rx4 DDR4 2133P Refurbished RAM,no
189,SK Hynix,8GB,DDR4,2Rx4,no,no,SK Hynix/Samsung/Micron 8GB 2Rx4 DDR4 2400T Refurbished RAM,no
190,SK Hynix,8GB,DDR4,2Rx4,no,no,SK Hynix/Samsung/Micron 8GB 2Rx4 DDR4 2666v Refurbished RAM,no
191,SK Hynix,8GB,DDR4,2Rx4,no,no,SK Hynix/Samsung/Micron 8GB 2Rx4 DDR4 2933Y Refurbished Ram,no
192,SK Hynix,16GB,DDR4,1Rx4,no,no,SK HYNIX 16 GB 1Rx4 PC4 2666V RC2  REFURBISHED RAM,no
193,SK Hynix,16GB,DDR3,2Rx4,no,no,SK HYNIX 16GB 2Rx4 PC3L 10600R 9 – REFURBISHED RAM,no
194,SK Hynix,16GB,DDR4,2RX8,no,no,SK HYNIX 16GB 2RX8 PC4 2400T RE1 REFURBISHED RAM,no
195,SK Hynix,16GB,DDR4,2Rx8,no,no,SK HYNIX 16GB 2Rx8 PC4 3200AA RE2 REFURBISHED RAM,no
196,SK Hynix,16GB,DDR4,2Rx4,no,no,SK HYNIX 2Rx4 PC4 2133P RA0 16 GB REFURBISHED RAM,no
197,SK Hynix,16GB,DDR3,2Rx4,no,no,SK Hynix/ Samsung/ Micron 16GB 2Rx4 DDR3 12800R Refurbished Ram,no
198,SK Hynix,16GB,DDR4,2Rx4,no,no,SK Hynix/ Samsung/ Micron 16GB 2Rx4 DDR4 2666V Refurbished Ram,no
199,SK Hynix,16GB,DDR4,2Rx8,no,no,SK Hynix/ Samsung/ Micron 16GB 2Rx8 DDR4 2933Y Refurbished Ram,no
200,SK Hynix,16GB,DDR3,2Rx4,no,no,SK Hynix/Samsung/Micron 16GB 2Rx4 DDR 3 8500R Refurbished Ram,no
201,SK Hynix,16GB,DDR3,2Rx4,no,no,SK Hynix/Samsung/Micron 16GB 2Rx4 DDR3 10600R Refurbished Ram,no
202,SK Hynix,16GB,DDR4,2Rx4,no,no,SK Hynix/Samsung/Micron 16GB 2Rx4 DDR4 2133P Refurbished RAM,no
203,SK Hynix,16GB,DDR4,2Rx4,no,no,SK Hynix/Samsung/Micron 16GB 2Rx4 DDR4 2400T Refurbished RAM,no
204,SK Hynix,16GB,DDR4,2Rx4,no,no,SK Hynix/Samsung/Micron 16GB 2Rx4 DDR4 3200AA REFURBISHED RAM,no
205,SK Hynix,32GB,DDR4,2Rx4,no,no,SK HYNIX 2Rx4 PC4 2400T RB1 32 GB REFURBISHED RAM,no
206,SK Hynix,32GB,DDR4,2Rx4,no,no,SK HYNIX 32 GB 2Rx4 PC4 2933Y RB2 REFURBISHED RAM,no
207,SK Hynix,32GB,DDR4,2Rx4,no,no,SK HYNIX 32GB 2Rx4 PC4 2400T RB2 REFURBISHED RAM,no
208,SK Hynix,32GB,DDR4,2RX4,no,no,SK HYNIX 32GB 2RX4 PC4 3200AA RB2 NEW RAM,no
209,SK Hynix,32GB,DDR4,2Rx8,no,no,SK HYNIX 32GB 2Rx8 PC4 3200AA RE4 REFURBISHED RAM,no
210,SK Hynix,32GB,DDR3,2Rx4,no,no,SK Hynix/ Samsung/ Micron 32GB 2Rx4 DDR3 8500R Refurbished Ram,no
211,SK Hynix,32GB,DDR4,2Rx4,no,no,SK Hynix/ Samsung/ Micron 32GB 2Rx4 DDR4 2400T Refurbished RAM,no
212,SK Hynix,32GB,DDR3,2Rx4,no,no,SK Hynix/Samsung/Micron 32GB 2Rx4 DDR3 10600R Refurbished Ram,no
213,SK Hynix,32GB,DDR3,2Rx4,no,no,SK Hynix/Samsung/Micron 32GB 2Rx4 DDR3 12800R Refurbished Ram,no
214,SK Hynix,32GB,DDR4,2Rx4,no,no,SK Hynix/Samsung/Micron 32GB 2Rx4 DDR4 2133P REFURBISHED RAM,no
215,SK Hynix,32GB,DDR4,2Rx4,no,no,SK Hynix/Samsung/Micron 32GB 2Rx4 DDR4 2666V Refurbished RAM,no
216,SK Hynix,32GB,DDR4,2Rx4,no,no,SK Hynix/Samsung/Micron 32GB 2Rx4 DDR4 2933Y Refurbished Ram,no
217,SK Hynix,32GB,DDR4,2Rx4,no,no,SK Hynix/Samsung/Micron 32GB 2Rx4 DDR4 3200AA Refurbished Ram,no
218,SK Hynix,64GB,DDR4,2Rx4,no,no,SK HYNIX 2Rx4 PC4 3200AA RB2 64 GB REFURBISHED RAM,no
219,SK Hynix,64GB,DDR3,4Rx4,no,no,SK Hynix/ Samsung/ Micron 64GB 4Rx4 DDR3 2400T Refurbished Ram,no
220,SK Hynix,64GB,DDR3,2Rx4,no,no,SK Hynix/ Samsung/Micron 64GB 2Rx4 DDR3 3200AA Refurbished Ram,no
221,SK Hynix,64GB,DDR3,2Rx4,no,no,SK Hynix/Samsung/Micron 64GB 2Rx4 DDR3 2666V Refurbished Ram,no
222,SK Hynix,64GB,DDR3,2Rx4,no,no,SK Hynix/Samsung/Micron 64GB 2Rx4 DDR3 2933Y Refurbished Ram,no
223,SK Hynix,64GB,DDR4,2Rx4,no,no,SK Hynix/Samsung/Micron 64GB 2Rx4 DDR4 2133P Refurbished Ram,no
224,SK Hynix,64GB,DDR4,2Rx4,no,no,SK Hynix/Samsung/Micron 64GB 2Rx4 DDR4 2400T Refurbished Ram,no
225,SK Hynix,64GB,DDR4,2Rx4,no,no,SK Hynix/Samsung/Micron 64GB 2Rx4 DDR4 2666V Refurbished Ram,no
226,SK Hynix,64GB,DDR4,2Rx4,no,no,SK Hynix/Samsung/Micron 64GB 2Rx4 DDR4 2933Y Refurbished Ram,no
227,SK Hynix,64GB,DDR4,2Rx4,no,no,SK Hynix/Samsung/Micron 64GB 2Rx4 DDR4 3200AA Refurbished Ram,no
228,SK Hynix,128GB,DDR4,2S2Rx4,no,no,SK HYNIX 128GB 2S2Rx4 PC4 2933Y RB4-12 REFURBISHED RAM,no
229,SK Hynix,128GB,DDR4,2S4Rx4,no,no,SK HYNIX 128GB 2S4Rx4 PC4 2666V LB0 REFURBISHED RAM,no