stock_id,kind,brand,interface,capacity,form_factor,speed,rpm,condition_new,condition_refurbished,product_name,needs_review
1,HDD,Cisco,,1.2TB,"2.5"" SFF",,10K RPM,no,no,CISCO  1.2 TB 2.5″ New HDD – UCS-HD12TB10K12G,yes
1,SSD,ADATA,SATA,1TB,"2.5"" SFF",6GB/s,,no,no,"ADATA 1TB 6GB/s 2.5"" SATA Refurshed SSD – ASU800SS-1TT",no
2,HDD,Cisco,,1.8TB,"2.5"" SFF",,10K RPM,no,no,CISCO  1.8 TB 2.5″  New HDD – UCS-HD18TB10KS4K,yes
2,SSD,AGILE,SATA,480GB,"2.5"" SFF",6GB/s,,no,no,"AGILE 480 GB 6GB/s 2.5"" SATA Refurbished SSD – A200",no
3,HDD,Dell,SATA,160GB,"3.5"" LFF",3Gb/s,7.2K RPM,no,no,Dell  160GB 7.2K 3GBPS 3.5” SATA Refurbished HDD – 0X464K,no
3,SSD,DELL,SATA,1.92TB,"2.5"" SFF",6GB/s,,no,no,"DELL 1.92 TB 6GB/s 2.5"" SATA Refurbished SSD – 0VJ36D",no
4,HDD,Dell,SATA,250GB,"2.5"" SFF",6Gb/s,7.2K RPM,no,no,Dell 250GB 7.2K 6GBPS 2.5″ SATA Refurbished HDD – 0HC79N,no
4,SSD,DELL,SATA,3.84TB,"2.5"" SFF",6GB/s,,no,no,"DELL 3.84 TB 6GB/s 2.5"" SATA Refurbished SSD – 0FYP5F",no
5,HDD,Dell,SAS,300GB,"2.5"" SFF",,,no,no,DELL  300GB  2.5″  SAS New HDD – 0YJ2KH,no
5,SSD,DELL,SATA,480GB,"2.5"" SFF",6GB/s,,no,no,"DELL 480 GB 6GB/s 2.5"" SATA Refurbished SSD – 0KCT7J",no
6,HDD,Dell,SATA,300GB,"3.5"" LFF",,,no,no,DELL  300GB 3.5″  SATA New HDD –  02MSJK,no
6,SSD,DELL,SATA,480GB,"3.5"" LFF",6GB/s,,no,no,"Dell 480GB 6 GB/s 3.5"" SATA Refurbished SSD – 0DTPR7",no
7,HDD,Dell,SAS,450GB,,6Gb/s,15K RPM,no,no,Dell 450GB 15K SAS 6GBPS 0R749K Refurbished Hard Disk Drive,yes
7,SSD,DELL,SAS,800GB,"2.5"" SFF",12GB/s,,no,no,"Dell 800 GB 12 GB/s 2.5"" SAS Refurbished SSD – 0R39F5",no
8,HDD,Dell,SATA,500GB,"2.5"" SFF",6Gb/s,7.2K RPM,no,no,Dell  500GB 7.2K 2.5″ 6Gb/s SATA  Refurbished HDD – 000X3Y,no
8,SSD,DELL,SATA,120GB,"2.5"" SFF",,,no,no,Dell 0pGny6 120GB Ssd SATA 2.5 6G – 0PGNY6 – Refurbished SSD,no
9,HDD,Dell,SAS,600GB,,6Gb/s,10K RPM,no,no,Dell 600GB 10K SAS 6GBps Refurbished Hard Disk Drive – 096G91,yes
9,SSD,DELL,SATA,1.6TB,"2.5"" SFF",6GB/s,,no,no,"DELL 1.6 TB 6GB/s 2.5"" SATA Refurbished SSD – 0DTH1X",no
10,HDD,Dell,SAS,600GB,,12Gb/s,15K RPM,no,no,Dell 600GB 15K 12GBps Refurbished Hard Disk Drive – 04HGTJ,yes
10,SSD,DELL,SATA,1.6TB,"2.5"" SFF",6GB/s,,no,no,"Dell 1.6TB 6 GB/s 2.5"" SATA NEW SSD – 06GK00",no
11,HDD,Dell,SAS,600GB,,12Gb/s,15K RPM,no,no,Dell 600GB 15K SAS 12GBs Refurbished Hard Disk Drive – 0TP2KW,yes
11,SSD,DELL,SATA,1.6TB,"2.5"" SFF",6GB/s,,no,no,"Dell 1.6TB 6GB/s 2.5"" SATA NEW SSD – 0P03YC",no
12,HDD,Dell,SAS,600GB,,12Gb/s,15K RPM,no,no,Dell 600GB 15K SAS 12GBs Refurbished Hard Disk Drive-0G6C6C,yes
12,SSD,DELL,SATA,1.92TB,"2.5"" SFF",6GB/s,,no,no,"DELL 1.92 TB 6GB/s 2.5"" SATA Refurbished SSD – 0Y24T6",no
13,HDD,Dell,SAS,600GB,,12Gb/s,15K RPM,no,no,Dell 600GB 15K SAS12GBps Refurbished Hard Disk Drive – 0FPW68,yes
13,SSD,DELL,SATA,1.92TB,"2.5"" SFF",6GB/s,,no,no,"DELL 1.92 TB 6GB/s 2.5"" SATA Refurbished SSD – 0K5P0T",no
14,HDD,Dell,SAS,600GB,"3.5"" LFF",,15K RPM,no,no,Dell EQL 600-GB 15K 3.5 SAS PS4100 Refurbished Hard Disk Drive – 002R3X,no
14,SSD,DELL,SATA,1.92TB,"2.5"" SFF",,,no,no,Dell 1.92TB SATA Read Intensive 6GBps 512e 2.5In Hot-Plug New SSD- 345-BEFC,no
15,HDD,Dell,SATA,750GB,"3.5"" LFF",3Gb/s,7.2K RPM,no,no,Dell  750GB 7.2K 3GBPS 3.5” SATA Refurbished HDD – 0NW342,no
15,SSD,DELL,SAS,1.92TB,"3.5"" LFF",,,no,no,Dell 1.92TB SSD SAS Read Intensive 12GBps 512e 2.5In with 3.5In New – 345-BBXO,no
16,HDD,Dell,SATA,1TB,"2.5"" SFF",6Gb/s,7.2K RPM,no,no,Dell  1TB 6GBPS 7.2KRPM 2.5″ SATA Refurbished HDD – 09KW4J,no
16,SSD,DELL,SATA,100GB,"2.5"" SFF",6GB/s,,no,no,"DELL 100 GB 6GB/s 2.5"" SATA Refurbished SSD – 0G5G38",no
17,HDD,Dell,SATA,1TB,"3.5"" LFF",6Gb/s,7.2K RPM,no,no,Dell  1TB 7.2K 6GBPS 3.5″ Refurbished SATA HDD – 0K4M5W,no
17,SSD,DELL,SATA,120GB,"2.5"" SFF",6GB/s,,no,no,"DELL 120 GB 6GB/s 2.5"" SATA Refurbished SSD – F98R4",no
18,HDD,Dell,SATA,1TB,"2.5"" SFF",12Gb/s,7.2K RPM,no,no,Dell 1TB 7.2K 12GBPS 2.5″ SATA Refurbished HDD – 0WF12F,no
18,SSD,DELL,SATA,120GB,"3.5"" LFF",6GB/s,,no,no,"Dell 120GB 6GB/s 3.5"" SATA NEW SSD – 0394XT",no
19,HDD,Dell,SATA,1TB,"2.5"" SFF",6Gb/s,7.2K RPM,no,no,Dell 1TB 7.2K 6GBPS 2.5” SATA Refurbished HDD – 08DN1Y,no
19,SSD,DELL,SATA,256GB,"2.5"" SFF",6GB/s,,no,no,"DELL 256 GB 6GB/s 2.5"" SATA Refurbished SSD – 0WDH26",no
20,HDD,Dell,SATA,1TB,"3.5"" LFF",6Gb/s,7.2K RPM,no,no,Dell 1TB 7.2K RPM SATA 6GBps 3.5-Inch Hot Plug New Hard Disk Drive – 400-AEFB,no
20,SSD,DELL,SAS,3.84TB,"2.5"" SFF",,,no,no,Dell 3.84TB SAS Read Intensive 12GBps 512e 2.5In PM6 with 2.5In New SSD – 345-BBZM,no
21,HDD,Dell,SATA,1TB,"3.5"" LFF",6Gb/s,7.2K RPM,no,no,Dell 1TB 7.2K RPM SATA 6Gbps 512n 3.5-Inch cabled New Hard Disk Drive-400-ATJG,no
21,SSD,DELL,SATA,480GB,"2.5"" SFF",6GB/s,,no,no,"DELL 480 GB 6GB/s 2.5"" SATA Refurbished SSD – 0J1TYJ",no
22,HDD,Dell,SATA,1TB,"3.5"" LFF",6Gb/s,7.2K RPM,no,no,Dell 1TB 7.2K RPM SATA 6Gbps 512n 3.5-Inch cabled New Hard Disk Drive-400-AUQX,no
22,SSD,DELL,SATA,480GB,"2.5"" SFF",6GB/s,,no,no,"Dell 480GB 6 GB/s 2.5"" SATA NEW SSD – 0C2C58",no
23,HDD,Dell,SAS,1.2TB,"2.5"" SFF",12Gb/s,,no,no,Dell 1.2TB  2.5” 12Gb/s SAS Refurbished HDD –  0G2G54,no
23,SSD,DELL,SATA,480GB,"2.5"" SFF",,,no,no,Dell 480GB SATA 6Gbps 2.5″Read Intensive TLC New SSD – 345-BDZZ,no
24,HDD,Dell,SAS,1.2TB,,12Gb/s,10K RPM,no,no,Dell 1.2TB 10K RPM SAS 12GBps New Hard Disk Drive – 400-ATJL,yes
24,SSD,DELL,SATA,50GB,"2.5"" SFF",3GB/s,,no,no,"DELL 50 GB 3GB/s 2.5"" SATA Refurbished SSD – 0G914J",no
25,HDD,Dell,SAS,1.8TB,"2.5"" SFF",12Gb/s,10K RPM,no,no,Dell 02TRM4/0VJ7CD/0RVDCJ 1.8TB 10K SAS 12GBps 2.5″ HDD Refurbished Hard Drive Disk,no
25,SSD,DELL,SATA,800GB,"2.5"" SFF",6GB/s,,no,no,"DELL 800 GB 6GB/s 2.5"" SATA Refurbished SSD – 09F3GY",no
26,HDD,Dell,SAS,1.8TB,"2.5"" SFF",12Gb/s,,no,no,Dell 1.8 TB 12 GB/s 2.5” SAS Refurbished HDD – 0jy57x,no
26,SSD,DELL,SAS,960GB,"3.5"" LFF",,,no,no,Dell 960GB SAS ISE Read Intensive 12GBps 512e 2.5In with 3.5In New SSD – 345-BBYS,no
27,HDD,Dell,SAS,2TB,"2.5"" SFF",,,no,no,DELL  2TB  2.5″  SAS New HDD –  OTMVN7,no
27,SSD,DELL,SATA,960GB,"2.5"" SFF",,,no,no,Dell 960GB SATA Read Intensive 6GBps 512e 2.5in Hot-Plug New SSD- 345-BEFW,no
28,HDD,Dell,SAS,2TB,"2.5"" SFF",,,no,no,DELL 2TB  2.5″  SAS New HDD – HHX14,no
28,SSD,FADU,NVMe,1.92TB,,,,no,no,FADU 1.92TB U.2 NVME New SSD – FSNE40U2DC1T90020,yes
29,HDD,Dell,SATA,2TB,"3.5"" LFF",3Gb/s,7.2K RPM,no,no,Dell 2TB 7.2K 3GBPS 3.5” SATA Refurbished HDD – 02G4HM,no
29,SSD,FADU,NVMe,7.68TB,,,,no,no,FADU 7.68TB U.2 NVME New SSD – FSNE40U2DC7T60020,yes
30,HDD,Dell,SAS,2TB,"3.5"" LFF",12Gb/s,7.2K RPM,no,no,Dell 2TB 7.2K RPM NL SAS 12Gbps 512n 3.5-Inch hot Plug drive New Hard Disk Drive-400-ATJX,no
30,SSD,FADU,NVMe,960GB,,,,no,no,FADU 960GB U.2 NVME New SSD – FSNE40U2DC0T90020,yes
31,HDD,Dell,SATA,2TB,"3.5"" LFF",6Gb/s,7.2K RPM,no,no,Dell 2TB 7.2K RPM SATA 6GBps 512n 3.5-Inch New Hard Disk Drive – 400-BGEC,no
31,SSD,FADU,NVMe,1.92TB,,,,no,no,FADU Delta Gen4 1.92TB NVME U.2 New SSD,yes
32,HDD,Dell,SAS,2.4TB,,,10K RPM,no,no,Dell 2.4TB 10K 12GBs SAS Refurbished Hard Disk Drive – 0RWR8F,yes
32,SSD,FADU,NVMe,3.84TB,,,,no,no,FADU Delta Gen4 3.84TB NVME U.2 New SSD,yes
33,HDD,Dell,SAS,2.4TB,"2.5"" SFF",12Gb/s,10K RPM,no,no,Dell 2.4TB 10K RPM SAS 12GBps 512e 2.5-Inch Hot Plug Drive New Hard Disk- 400-AUVR,no
33,SSD,FADU,NVMe,7.68TB,,,,no,no,FADU Delta Gen4 7.68TB NVME U.2 New SSD,yes
34,HDD,Dell,SATA,3TB,,6Gb/s,7.2K RPM,no,no,Dell 3TB 7.2K RPM SATA 6GBps Refurbished Hard Disk Drive – 0JMN63,yes
34,SSD,FADU,NVMe,960GB,,,,no,no,FADU Delta Gen4 960GB NVME U.2 New SSD,yes
35,HDD,Dell,SATA,4TB,"3.5"" LFF",6Gb/s,7.2K RPM,no,no,Dell  4TB 7.2K 6GBPS 3.5”  SATA Refurbished HDD – 061FFW,no
35,SSD,FADU,NVMe,1.92TB,,,,no,no,FADU Echo Gen5 1.92TB NVME U.3 New SSD,yes
36,HDD,Dell,SATA,4TB,"3.5"" LFF",6Gb/s,5.4K RPM,no,no,Dell 4TB 5.4K RPM SATA 6GBps 512n 3.5-Inch Cabled New Hard Disk Drive – 400-BGED,no
36,SSD,FADU,NVMe,1.92TB,,,,no,no,FADU Echo Gen5 1.92TB NVME U.2 New SSD,yes
37,HDD,Dell,SATA,4TB,"3.5"" LFF",6Gb/s,7.2K RPM,no,no,Dell 4TB 7.2K 6GBPS 3.5” SATA Refurbished HDD – 065MXM,no
37,SSD,FADU,NVMe,15.36TB,,,,no,no,FADU Echo Gen5 15.36TB NVME U.2 New SSD,yes
38,HDD,Dell,SATA,4TB,"3.5"" LFF",6Gb/s,7.2K RPM,no,no,Dell 4TB 7.2K 6GBPS 3.5” SATA Refurbished HDD – 0MWHY9,no
38,SSD,FADU,NVMe,15.36TB,,,,no,no,FADU Echo Gen5 15.36TB NVME U.3 New SSD,yes
39,HDD,Dell,SATA,8TB,"3.5"" LFF",6Gb/s,7.2K RPM,no,no,Dell  8TB 7.2K 6GBPS 3.5” SATA Refurbished HDD – 092MDW,no
39,SSD,FADU,NVMe,3.84TB,,,,no,no,FADU Echo Gen5 3.84TB NVME U.2 New SSD,yes
40,HDD,Dell,SATA,12TB,"3.5"" LFF",6Gb/s,7.2K RPM,no,no,Dell  12TB 7.2K 6GBPS 3.5” SATA Refurbished HDD – 0753F0,no
40,SSD,FADU,NVMe,3.84TB,,,,no,no,FADU Echo Gen5 3.84TB NVME U.3 New SSD,yes
41,HDD,Dell,SAS,16TB,"3.5"" LFF",,,no,no,DELL 16TB SAS 3.5” New HDD – 400-BJLE,no
41,SSD,FADU,NVMe,7.68TB,,,,no,no,FADU Echo Gen5 7.68TB NVME U.2 New SSD,yes
42,HDD,EMC,SAS,2TB,"3.5"" LFF",,7.2K RPM,no,no,EMC 2TB 7.2K RPM 3.5 Inch SAS HDD 005049449 118032814-A02 0B26315 Refurbished Hard Drive Disk,no
42,SSD,FADU,NVMe,7.68TB,,,,no,no,FADU Echo Gen5 7.68TB NVME U.3 New SSD,yes
43,HDD,HGST,,18TB,"3.5"" LFF",,,no,no,HGST 18 TB  3.5″ New HDD – 1EX2478,yes
43,SSD,SEAGATE,,500GB,,,,no,no,HD SSD M.2 500GB SEAGATE FIRECUDA 520 NEW SSD – 2TN303-570,yes
44,HDD,Hitachi,,80GB,"2.5"" SFF",1.5Gb/s,5.4K RPM,no,no,Hitachi  80GB 5.4K 1.5GBPS 2.5” LAPTOP Refurbished HDD – 0A54901,yes
44,SSD,HGST,SAS,7.68TB,,,,no,no,HGST 0TS1409 7.68TB SED / TCG SAS Solid State Drive Refurbished,yes
45,HDD,Hitachi,,120GB,"2.5"" SFF",1.5Gb/s,5.4K RPM,no,no,Hitachi 120GB 5.4K 1.5GBPS 2.5”  LAPTOP Refurbished HDD – 42T1029,yes
45,SSD,HIKIVISION,SATA,480GB,"2.5"" SFF",6GB/s,,no,no,"HIKIVISION 480 GB 6 GB/s 2.5"" SATA Refurbished SSD – HS-SSD-C100",no
46,HDD,Hitachi,,320GB,"2.5"" SFF",3Gb/s,5.4K RPM,no,no,Hitachi  320GB 5.4K 3GBPS 2.5” LAPTOP Refurbished HDD – 0J11523,yes
46,SSD,HPE,,100GB,"2.5"" SFF",,,no,no,HPE 100GB 2.5″ New SSD – 691862-B21,yes
47,HDD,Hitachi,,320GB,"2.5"" SFF",3Gb/s,7.2K RPM,no,no,Hitachi  320GB 7.2K 3GBPS 2.5” LAPTOP Refurbished HDD – 42T1354,yes
47,SSD,HPE,,1.6TB,"2.5"" SFF",,,no,no,HPE 1.6TB 2.5 New SSD – 804605-B21,yes
48,HDD,Hitachi,SATA,320GB,"3.5"" LFF",3Gb/s,7.2K RPM,no,no,Hitachi  320GB 7.2K 3GBPS 3.5” SATA Refurbished HDD – 0F10758,no
48,SSD,HPE,,1.92TB,"2.5"" SFF",,,no,no,HPE 1.92 TB 2.5″ New SSD – P62566-H21,yes
49,HDD,Hitachi,SATA,500GB,"3.5"" LFF",3Gb/s,7.2K RPM,no,no,Hitachi   500GB 7.2K 3GBPS 3.5” SATA Refurbished HDD – 0A35770,no
49,SSD,HPE,SATA,1.92TB,"2.5"" SFF",,,no,no,HPE 1.92TB SATA MU SFF SC S4620 New SSD – P47325-B21,no
50,HDD,Hitachi,SATA,500GB,"2.5"" SFF",3Gb/s,5.4K RPM,no,no,Hitachi  500GB 5.4K 3GBPS 2.5”  SATA Refurbished HDD – 0J27701,no
50,SSD,HPE,,15.36TB,"2.5"" SFF",,,no,no,HPE 15.36 TB 2.5″ New SSD – P67897-H21,yes
51,HDD,Hitachi,,500GB,"2.5"" SFF",3Gb/s,7.2K RPM,no,no,Hitachi  500GB 7.2K 3GBPS 2.5”  LAPTOP Refurbished HDD – 0A73295,yes
51,SSD,HPE,,480GB,,,,no,no,HPE 480 GB M.2 2280 New SSD – P19896-B21,yes
52,HDD,Hitachi,SATA,500GB,"3.5"" LFF",3Gb/s,7.2K RPM,no,no,Hitachi  500GB 7.2K 3GBPS 3.5″  SATA Refurbished HDD – 0A32937,no
52,SSD,HPE,,480GB,,,,no,no,HPE 480 GB M.2 2280 New SSD – 875498-B21,yes
53,HDD,Hitachi,SATA,500GB,"3.5"" LFF",6Gb/s,7.2K RPM,no,no,Hitachi  500GB 7.2K 6GBPS 3.5” SATA Refurbished HDD – 0F15012,no
53,SSD,HPE,,7.68TB,"2.5"" SFF",,,no,no,HPE 7.68 TB 2.5″ New SSD – P40567-B21,yes
54,HDD,Hitachi,SATA,1TB,"3.5"" LFF",3Gb/s,7.2K RPM,no,no,Hitachi  1TB 7.2K 3GB/S 3.5″  SATA Refurbished HDD – 0A34792,no
54,SSD,HPE,,800GB,"2.5"" SFF",,,no,no,HPE 800 GB 2.5″ New SSD – P21123-001,yes
55,HDD,Hitachi,SATA,1TB,"3.5"" LFF",3Gb/s,7.2K RPM,no,no,Hitachi  1TB 7.2K 3GBPS 3.5″ SATA Refurbished HDD – 0A37239,no
55,SSD,HPE,,900GB,"2.5"" SFF",,,no,no,HPE 900 GB 2.5″ New SSD – P04573-006,yes
56,HDD,Hitachi,SATA,1TB,"3.5"" LFF",3Gb/s,7.2K RPM,no,no,Hitachi  1TB 7.2K 3GBPS 3.5″ SATA Refurbished HDD – 0A39289,no
56,SSD,HPE,,960GB,"2.5"" SFF",,,no,no,HPE 960 GB 2.5″ New SSD – P40503-B21,yes
57,HDD,Hitachi,SATA,1TB,"3.5"" LFF",3Gb/s,7.2K RPM,no,no,Hitachi  1TB 7.2K 3GBPS 3.5″ SATA Refurbished HDD – 0F11387,no
57,SSD,HPE,,960GB,"2.5"" SFF",,,no,no,HPE 960 GB 2.5″ New SSD – R0Q35A,yes
58,HDD,Hitachi,SATA,2TB,"3.5"" LFF",,7.2K RPM,no,no,Hitachi  2TB 7.2K RPM 3.5″  SATA Refurbished HDD – 0F10452,no
58,SSD,HPE,SATA,960GB,"2.5"" SFF",,,no,no,HPE 960GB SATA MU SFF BC PM897 New SSD – P44012-B21,no
59,HDD,Hitachi,SATA,3TB,"3.5"" LFF",6Gb/s,7.2K RPM,no,no,Hitachi  3TB 7.2K 6GBPS 3.5″ SATA New HDD – 0F12456,no
59,SSD,HPE,SATA,960GB,"2.5"" SFF",,,no,no,HPE 960GB SATA RI SFF BC PM893 New SSD – P44008-B21,no
60,HDD,Hitachi,SATA,3TB,"3.5"" LFF",6Gb/s,7.2K RPM,no,no,Hitachi  3TB 7.2K 6GBPS 3.5″ SATA Refurbished HDD – 0F15328,no
60,SSD,HPE,,1.6TB,"2.5"" SFF",,,no,no,HPE 1.6 TB 2.5″ New SSD- P09092-B21,yes
61,HDD,Hitachi,SATA,3TB,"3.5"" LFF",6Gb/s,7.2K RPM,no,no,Hitachi 3TB 7.2K 6GBPS 3.5″ SATA Refurbished HDD – 0F14044,no
61,SSD,HPE,NVMe,1.6TB,,,,no,no,HPE 1.6TB NVME MU SCn U.3 PM1735a NEW SSD – P50225-B21,yes
62,HDD,Hitachi,SAS,4TB,,12Gb/s,,no,no,Hitachi 4TB SAS 12GBps Refurbished Hard Disk Drive – 0B26930,yes
62,SSD,HPE,NVMe,1.6TB,"2.5"" SFF",,,no,no,HPE 1.6TB NVME MU SFF BC U.2 P5620 NEW SSD – P51459-B21,no
63,HDD,HP,,600GB,,6Gb/s,10K RPM,no,no,Hp 600GB 10K 6GBs Refurbished Hard Disk Drive – 641552-003/0B26028,yes
63,SSD,HPE,NVMe,1.6TB,"2.5"" SFF",,,no,no,HPE 1.6TB NVME MU SFF BC U.3 PM1735a NEW SSD – P50227-B21,no
64,HDD,HP,,600GB,,6Gb/s,10K RPM,no,no,HP 600GB 10K 6GBs Refurbished HDD – 727290-005,yes
64,SSD,HPE,NVMe,1.6TB,"2.5"" SFF",,,no,no,HPE 1.6TB NVME MU SFF SC U.3 PM1735a NEW SSD – P50226-B21,no
65,HDD,HP,SATA,2TB,"2.5"" SFF",,5.4K RPM,no,no,HP 2TB 5.4K RPM SATA 7mm 2.5″ Refurbished Hard Drive – L32157-001,no
65,SSD,HPE,NVMe,1.6TB,"2.5"" SFF",,,no,no,HPE 1.6TB NVME MU SFF SC U.3 ST MV New SSD – P47834-B21,no
66,HDD,HP,,2TB,,,5.4K RPM,no,no,HP 2TB 5400RPM 7MM SGTROSEWOO Refurbished HDD – 863128-003,yes
66,SSD,HPE,NVMe,1.6TB,"2.5"" SFF",,,no,no,HPE 1.6TB NVME MU SFF SCn U.2 P5620 NEW SSD – P51458-B21,no
67,HDD,HPE,,72GB,"2.5"" SFF",,,no,no,HPE  72GB 2.5″ New HDD – 512545-B21,yes
67,SSD,HPE,SAS,1.6TB,"2.5"" SFF",,,no,no,HPE 1.6TB SAS MU SFF BC MV NEW SSD – P49049-B21,no
68,HDD,HPE,,300GB,,,15K RPM,no,no,HPE 300GB 15K Refurbished Hard Disk Drive – 533871-001/0B24475,yes
68,SSD,HPE,SAS,1.6TB,"2.5"" SFF",,,no,no,HPE 1.6TB SAS MU SFF BC PM1655 PVT NEW SSD – P49051-B21,no
69,HDD,HPE,SAS,300GB,"2.5"" SFF",12Gb/s,10K RPM,no,no,HPE 300GB SAS 12G Mission Critical 10K SFF BC Multi Vendor New HDD – P40430-B21,no
69,SSD,HPE,SAS,1.6TB,"2.5"" SFF",,,no,no,HPE 1.6TB SAS MU SFF SC MV NEW SSD – P49048-B21,no
70,HDD,HPE,SAS,300GB,"2.5"" SFF",12Gb/s,10K RPM,no,no,HPE 300GB SAS 12G Mission Critical 10K SFF SC Multi Vendor New HDD-872475-B21,no
70,SSD,HPE,SAS,1.6TB,"2.5"" SFF",,,no,no,HPE 1.6TB SAS MU SFF SC PM1655 PVT NEW SSD – P49050-B21,no
71,HDD,HPE,,450GB,"2.5"" SFF",,,no,no,HPE   450GB  2.5″  New HDD – 652572-B21,yes
71,SSD,HPE,,1.92TB,"2.5"" SFF",,,no,no,HPE 1.92 TB 2.5″ New SSD – R0Q47A,yes
72,HDD,HPE,,450GB,"3.5"" LFF",,,no,no,HPE  450GB 3.5″ New HDD –   737394-B21,yes
72,SSD,HPE,,1.92TB,"2.5"" SFF",,,no,no,HPE 1.92 TB 2.5″ New SSD – R0Q37A,yes
73,HDD,HPE,,450GB,"2.5"" SFF",,,no,no,HPE 450GB 2.5″ New HDD – 759210-B21,yes
73,SSD,HPE,NVMe,1.92TB,,,,no,no,HPE 1.92TB NVME RI BC U.2 P5520 NEW SSD – P51453-B21,yes
74,HDD,HPE,,450GB,"2.5"" SFF",,,no,no,HPE 450GB 2.5″ New HDD – J9F41A,yes
74,SSD,HPE,NVMe,1.92TB,,,,no,no,HPE 1.92TB NVME RI BC U.3 PM1733a NEW SSD – P50216-B21,yes
75,HDD,HPE,,500GB,"2.5"" SFF",,,no,no,HPE  500GB 2.5″ New HDD –  507750-B21,yes
75,SSD,HPE,NVMe,1.92TB,,,,no,no,HPE 1.92TB NVME RI SC U.3 PM1733a NEW SSD – P50215-B21,yes
76,HDD,HPE,SATA,500GB,"3.5"" LFF",3Gb/s,7.2K RPM,no,no,HPE  500GB 7.2K 3.5″ 3Gb/s  SATA Refurbished HDD – 649401-001,no
76,SSD,HPE,NVMe,1.92TB,,,,no,no,HPE 1.92TB NVME RI SCn U.2 P5520 NEW SSD – P51452-B21,yes
77,HDD,HPE,SATA,500GB,"3.5"" LFF",6Gb/s,7.2K RPM,no,no,HPE  500GB 7.2K 6GBPS 3.5” SATA Refurbished HDD – 658084-001,no
77,SSD,HPE,NVMe,1.92TB,,,,no,no,HPE 1.92TB NVME RI SCn U.3 PM1733a NEW SSD – P50214-B21,yes
78,HDD,HPE,,500GB,"3.5"" LFF",,,no,no,HPE 500 GB 3.5″ New HDD – 843264-B21,yes
78,SSD,HPE,NVMe,1.92TB,"2.5"" SFF",,,no,no,HPE 1.92TB NVME RI SFF SC U.3 ST MV New SSD – P47841-B21,no
79,HDD,HPE,,500GB,"2.5"" SFF",,,no,no,HPE 500GB 2.5″ New HDD – 652745-B21,yes
79,SSD,HPE,SAS,1.92TB,"3.5"" LFF",,,no,no,HPE 1.92TB SAS MU LFF SC VS MV NEW SSD – P37013-B21,no
80,HDD,HPE,,600GB,"2.5"" SFF",,,no,no,HPE  600 GB 2.5″ New HDD – J9F46A,yes
80,SSD,HPE,SAS,1.92TB,"2.5"" SFF",,,no,no,HPE 1.92TB SAS MU SFF BC VS MV New SSD – P40511-B21,no
81,HDD,HPE,,600GB,"3.5"" LFF",,,no,no,HPE  600 GB 3.5″ New HDD – P04695-B21,yes
81,SSD,HPE,SAS,1.92TB,"2.5"" SFF",,,no,no,HPE 1.92TB SAS MU SFF SC VS MV NEW SSD – P37011-B21,no
82,HDD,HPE,,600GB,"2.5"" SFF",,,no,no,HPE  600GB 2.5″ New HDD – 759212-B21,yes
82,SSD,HPE,SAS,1.92TB,"2.5"" SFF",,,no,no,HPE 1.92TB SAS RI SFF BC MV New SSD – P49031-B21,no
83,HDD,HPE,,600GB,"2.5"" SFF",,,no,no,HPE 600 GB  2.5″ New HDD – J9F42A,yes
83,SSD,HPE,SAS,1.92TB,"2.5"" SFF",,,no,no,HPE 1.92TB SAS RI SFF BC PM1653 PVT NEW SSD P49033-B21,no
84,HDD,HPE,,600GB,"3.5"" LFF",,,no,no,HPE 600 GB 3.5″  New HDD – 765424-B21,yes
84,SSD,HPE,SAS,1.92TB,"2.5"" SFF",,,no,no,HPE 1.92TB SAS RI SFF BC VS MV New SSD P40507-B21,no
85,HDD,HPE,,600GB,,6Gb/s,10K RPM,no,no,HPE 600GB 10K 6GBps Refurbished Hard Disk Drive – 689287-003/507129-014,yes
85,SSD,HPE,SAS,1.92TB,"2.5"" SFF",,,no,no,HPE 1.92TB SAS RI SFF SC MV New SSD – P49030-B21,no
86,HDD,HPE,SAS,600GB,"2.5"" SFF",,10K RPM,no,no,HPE 600GB SAS 10K SFF BC MV NEW HDD – P53561-B21,no
86,SSD,HPE,SAS,1.92TB,"2.5"" SFF",,,no,no,HPE 1.92TB SAS RI SFF SC PM1653 PVT NEW SSD – P49032-B21,no
87,HDD,HPE,SAS,600GB,"2.5"" SFF",,10K RPM,no,no,HPE 600GB SAS 10K SFF SC MV New HDD-872477-B21,no
87,SSD,HPE,SAS,1.92TB,"2.5"" SFF",,,no,no,HPE 1.92TB SAS RI SFF SC VS MV NEW SSD – P36999-B21,no
88,HDD,HPE,SAS,600GB,"2.5"" SFF",,15K RPM,no,no,HPE 600GB SAS 15K SFF SC MV NEW HDD – 870757-B21,no
88,SSD,HPE,SATA,1.92TB,"2.5"" SFF",,,no,no,HPE 1.92TB SATA MU SFF BC PM897 New SSD P44013-B21,no
89,HDD,HPE,,900GB,"2.5"" SFF",,,no,no,HPE  900 GB 2.5″ New HDD –  Q1H47A,yes
89,SSD,HPE,SATA,1.92TB,"2.5"" SFF",,,no,no,HPE 1.92TB SATA MU SFF SC MV NEW SSD – P18436-B21,no
90,HDD,HPE,,900GB,"2.5"" SFF",,,no,no,HPE  900 GB 2.5″ Refurbished HDD – 867254-003,yes
90,SSD,HPE,SATA,1.92TB,"2.5"" SFF",,,no,no,HPE 1.92TB SATA MU SFF SC PM897 New SSD – P47816-B21,no
91,HDD,HPE,,900GB,"3.5"" LFF",,,no,no,HPE 900GB 3.5″ New HDD –  870761-B21,yes
91,SSD,HPE,SATA,1.92TB,"2.5"" SFF",,,no,no,HPE 1.92TB SATA RI SFF BC MV NEW SSD – P40499-B21,no
92,HDD,HPE,SAS,900GB,"2.5"" SFF",,15K RPM,no,no,HPE 900GB SAS 15K SFF MV New HDD-P40432-B21,no
92,SSD,HPE,SATA,1.92TB,"2.5"" SFF",,,no,no,HPE 1.92TB SATA RI SFF BC PM893 New SSD – P44009-B21,no
93,HDD,HPE,SAS,900GB,"2.5"" SFF",,15K RPM,no,no,HPE 900GB SAS 15K SFF SC MV NEW HDD – 870759-B21,no
93,SSD,HPE,SATA,1.92TB,"2.5"" SFF",,,no,no,HPE 1.92TB SATA RI SFF BC S4520 New SSD P47320-B21,no
94,HDD,HPE,SATA,1TB,"3.5"" LFF",6Gb/s,7.2K RPM,no,no,HPE  1TB 7.2K 3.5″ 6Gb/s SATA Refurbished HDD – 872329-001,no
94,SSD,HPE,SATA,1.92TB,"2.5"" SFF",,,no,no,HPE 1.92TB SATA RI SFF SC MV NEW SSD – P18426-B21,no
95,HDD,HPE,SATA,1TB,"2.5"" SFF",3Gb/s,7.2K RPM,no,no,HPE  1TB 7.2K 3GBPS 2.5 SATA Refurbished HDD – 614828-003,no
95,SSD,HPE,SATA,1.92TB,"2.5"" SFF",,,no,no,HPE 1.92TB SATA RI SFF SC PM893 New SSD – P47812-B21,no
96,HDD,HPE,SATA,1TB,"3.5"" LFF",3Gb/s,7.2K RPM,no,no,HPE  1TB 7.2K 3GBPS 3.5” SATA Refurbished HDD – 695502-001,no
96,SSD,HPE,SATA,1.92TB,"2.5"" SFF",,,no,no,HPE 1.92TB SATA RI SFF SC S4520 New SSD P47319-B21,no
97,HDD,HPE,SATA,1TB,"2.5"" SFF",6Gb/s,7.2K RPM,no,no,HPE  1TB 7.2K 6GBPS 2.5”  SATA Refurbished HDD – 832510-001,no
97,SSD,HPE,NVMe,15.36TB,,,,no,no,HPE 15.36TB NVME RI BC U.3 PM1733a NEW SSD – P50224-B21,yes
98,HDD,HPE,,1TB,"2.5"" SFF",,,no,no,HPE 1 TB 2.5″ New HDD – 765464-B21,yes
98,SSD,HPE,NVMe,15.36TB,,,,no,no,HPE 15.36TB NVME RI SC U.3 PM1733a NEW SSD – P50223-B21,yes
99,HDD,HPE,,1TB,"3.5"" LFF",,,no,no,HPE 1 TB 3.5″ New HDD – 507772-B21,yes
99,SSD,HPE,SAS,15.36TB,"2.5"" SFF",,,no,no,HPE 15.36TB SAS RI SFF BC MV NEW SSD – P49045-B21,no
100,HDD,HPE,SATA,1TB,"3.5"" LFF",6Gb/s,7.2K RPM,no,no,HPE 1TB 7.2K 3.5 Inch SATA 6GBps LP Midline SC New HDD- 861686-B21,no
100,SSD,HPE,SAS,15.36TB,"2.5"" SFF",,,no,no,HPE 15.36TB SAS RI SFF SC MV NEW SSD – P49044-B21,no
101,HDD,HPE,SAS,1TB,"2.5"" SFF",,7.2K RPM,no,no,HPE 1TB 7.2K SAS 2.5 MDL SC New HDD  – 832514-B21,no
101,SSD,HPE,SATA,240GB,,,,no,no,HPE 240GB SATA RI M.2 MV New SSD – P47817-B21,yes
102,HDD,HPE,SATA,1TB,"3.5"" LFF",,7.2K RPM,no,no,HPE 1TB SATA 6G Business Critical 7.2K LFF RW Multi Vendor New HDD – 872481-K21,no
102,SSD,HPE,SATA,240GB,"2.5"" SFF",,,no,no,HPE 240GB SATA RI SFF BC MV NEW SSD – P40496-B21,no
103,HDD,HPE,SATA,1TB,"3.5"" LFF",6Gb/s,7.2K RPM,no,no,HPE 1TB SATA 6GBps Business Critical 7.2K LFF RW Multi Vendor New HDD – 801882-B21,no
103,SSD,HPE,SATA,240GB,"2.5"" SFF",,,no,no,HPE 240GB SATA RI SFF RW MV New SSD – P47809-B21,no
104,HDD,HPE,,1.2TB,"2.5"" SFF",,,no,no,HPE  1.2 TB  2.5″  New HDD – 872479-K21,yes
104,SSD,HPE,SATA,240GB,"2.5"" SFF",,,no,no,HPE 240GB SATA RI SFF SC MV NEW SSD – P18420-B21,no
105,HDD,HPE,,1.2TB,"3.5"" LFF",,,no,no,HPE  1.2TB 3.5″ New HDD –  J9F48A,yes
105,SSD,HPE,,3.2TB,"2.5"" SFF",,,no,no,HPE 3.2 TB 2.5″ New SSD – N9X92A,yes
106,HDD,HPE,SAS,1.2TB,"2.5"" SFF",,10K RPM,no,no,HPE 1.2TB SAS 10K SFF BC MV New HDD-P28586-B21,no
106,SSD,HPE,NVMe,3.2TB,,,,no,no,HPE 3.2TB NVME MU SCn U.3 PM1735a NEW SSD – P50228-B21,yes
107,HDD,HPE,SAS,1.2TB,"2.5"" SFF",,10K RPM,no,no,HPE 1.2TB SAS 10K SFF SC MV New HDD-872479-B21,no
107,SSD,HPE,NVMe,3.2TB,"2.5"" SFF",,,no,no,HPE 3.2TB NVME MU SFF BC U.2 P5620 New SSD – P51461-B21,no
108,HDD,HPE,,1.8TB,"2.5"" SFF",,,no,no,HPE   1.8 TB 2.5″ New HDD – 791034-B21,yes
108,SSD,HPE,NVMe,3.2TB,"2.5"" SFF",,,no,no,HPE 3.2TB NVME MU SFF BC U.3 PM1735a NEW SSD – P50230-B21,no
109,HDD,HPE,,1.8TB,"2.5"" SFF",,,no,no,HPE  1.8 TB 2.5″  New HDD – 872481-K21,yes
109,SSD,HPE,NVMe,3.2TB,"2.5"" SFF",,,no,no,HPE 3.2TB NVME MU SFF SC U.3 PM1735a NEW SSD – P50229-B21,no
110,HDD,HPE,SAS,1.8TB,"2.5"" SFF",,10K RPM,no,no,HPE 1.8TB SAS 10K SFF SC 512e MV NEW HDD – 872481-B21,no
110,SSD,HPE,NVMe,3.2TB,"2.5"" SFF",,,no,no,HPE 3.2TB NVME MU SFF SC U.3 ST MV New SSD – P47835-B21,no
111,HDD,HPE,SAS,1.8TB,"2.5"" SFF",12Gb/s,10K RPM,no,no,HPE MSA 1.8TB 12G SAS 10K SFF 2.5″ 512e  J9F49A Refurbished Hard Disk Drive,no
111,SSD,HPE,NVMe,3.2TB,"2.5"" SFF",,,no,no,HPE 3.2TB NVME MU SFF SCn U.2 P5620 NEW SSD – P51460-B21,no
112,HDD,HPE,,1.92TB,"2.5"" SFF",,,no,no,HPE  1.92 TB 2.5″  Refurbished HDD – 875217-001,yes
112,SSD,HPE,SAS,3.2TB,"2.5"" SFF",,,no,no,HPE 3.2TB SAS MU SFF BC MV NEW SSD – P49053-B21,no
113,HDD,HPE,SATA,2TB,"3.5"" LFF",6Gb/s,7.2K RPM,no,no,HPE  2TB 7.2K 6GBPS 3.5” SATA Refurbished HDD – L76612-001,no
113,SSD,HPE,SAS,3.2TB,"2.5"" SFF",,,no,no,HPE 3.2TB SAS MU SFF BC PM1655 PVT NEW SSD – P49055-B21,no
114,HDD,HPE,,2TB,"2.5"" SFF",,,no,no,HPE 2 TB  2.5″   New HDD – 872489-B21,yes
114,SSD,HPE,SAS,3.2TB,"2.5"" SFF",,,no,no,HPE 3.2TB SAS MU SFF SC MV NEW SSD – P49052-B21,no
115,HDD,HPE,SAS,2TB,"3.5"" LFF",,7.2K RPM,no,no,HPE 2TB SAS 7.2K LFF LP New HDD-833926-B21,no
115,SSD,HPE,SAS,3.2TB,"2.5"" SFF",,,no,no,HPE 3.2TB SAS MU SFF SC PM1655 PVT NEW SSD – P49054-B21,no
116,HDD,HPE,,2.4TB,"2.5"" SFF",,,no,no,HPE 2.4 TB 2.5″ New HDD – P28352-B21,yes
116,SSD,HPE,SAS,3.84TB,"2.5"" SFF",,,no,no,HPE 3.84 TB 2.5″ SAS New SSD – P41403-B21,no
117,HDD,HPE,SAS,2.4TB,"2.5"" SFF",12Gb/s,10K RPM,no,no,HPE 2.4TB SAS 12G 10K SFF SC MV New HDD-881457-B21,no
117,SSD,HPE,NVMe,3.84TB,,,,no,no,HPE 3.84TB NVME RI BC U.2 P5520 NEW SSD – P51455-B21,yes
118,HDD,HPE,,3TB,"3.5"" LFF",,,no,no,HPE  3 TB 3.5″ New HDD – 846528-B21,yes
118,SSD,HPE,NVMe,3.84TB,,,,no,no,HPE 3.84TB NVME RI BC U.3 PM1733a NEW SSD – P50219-B21,yes
119,HDD,HPE,,3TB,"3.5"" LFF",,,no,no,HPE  3TB 3.5″ New HDD –   652766-B21,yes
119,SSD,HPE,NVMe,3.84TB,,,,no,no,HPE 3.84TB NVME RI SC U.3 PM1733a New SSD – P50218-B21,yes
120,HDD,HPE,,3TB,"3.5"" LFF",,,no,no,HPE 3 TB 3.5″ New HDD – 625031-B21,yes
120,SSD,HPE,NVMe,3.84TB,,,,no,no,HPE 3.84TB NVME RI SCn U.2 P5520 NEW SSD – P51454-B21,yes
121,HDD,HPE,,3.6TB,"2.5"" SFF",,,no,no,HPE 3.6 TB 2.5″ New HDD – R0P88A,yes
121,SSD,HPE,NVMe,3.84TB,,,,no,no,HPE 3.84TB NVME RI SCn U.3 PM1733a NEW SSD – P50217-B21,yes
122,HDD,HPE,,4TB,"3.5"" LFF",,,no,no,HPE 4 TB 3.5″  New HDD  – 872491-B21,yes
122,SSD,HPE,NVMe,3.84TB,"2.5"" SFF",,,no,no,HPE 3.84TB NVME RI SFF SC U.3 ST MV New SSD – P47842-B21,no
123,HDD,HPE,SAS,4TB,"3.5"" LFF",,7.2K RPM,no,no,HPE 4TB SAS 7.2K LFF SC MV New HDD-872487-B21,no
123,SSD,HPE,SAS,3.84TB,"2.5"" SFF",,,no,no,HPE 3.84TB SAS MU SFF BC VS MV New SSD P40512-B21,no
124,HDD,HPE,SATA,4TB,"3.5"" LFF",,7.2K RPM,no,no,HPE 4TB SATA 7.2K LFF LP NEW HDD – 861683-B21,no
124,SSD,HPE,SAS,3.84TB,"2.5"" SFF",,,no,no,HPE 3.84TB SAS MU SFF SC VS MV NEW SSD – P37017-B21,no
125,HDD,HPE,,6TB,"3.5"" LFF",,,no,no,HPE  6 TB 3.5″ New HDD – 846510-B21,yes
125,SSD,HPE,SAS,3.84TB,"2.5"" SFF",,,no,no,HPE 3.84TB SAS RI SFF BC MV NEW SSD-P49035-B21,no
126,HDD,HPE,,6TB,"3.5"" LFF",,,no,no,HPE  6TB 3.5″ New HDD – 753874-B21,yes
126,SSD,HPE,SAS,3.84TB,"2.5"" SFF",,,no,no,HPE 3.84TB SAS RI SFF BC PM1653 PVT NEW SSD -P49037-B21,no
127,HDD,HPE,SATA,6TB,"3.5"" LFF",6Gb/s,7.2K RPM,no,no,HPE  6TB 7.2K 6GBPS 3.5” SATA Refurbished HDD – L08681-001,no
127,SSD,HPE,SAS,3.84TB,"2.5"" SFF",,,no,no,HPE 3.84TB SAS RI SFF BC VS MV NEW SSD – P40508-B21,no
128,HDD,HPE,SATA,6TB,"3.5"" LFF",6Gb/s,7.2K RPM,no,no,HPE  6TB 7.2K 6GBPS 3.5” SATA Refurbished HDD – L66484-001,no
128,SSD,HPE,SAS,3.84TB,"2.5"" SFF",,,no,no,HPE 3.84TB SAS RI SFF SC MV NEW SSD – P49034-B21,no
129,HDD,HPE,SATA,6TB,"3.5"" LFF",,7.2K RPM,no,no,HPE 6TB SATA 7.2K LFF LP 512e New HDD-861742-B21,no
129,SSD,HPE,SAS,3.84TB,"2.5"" SFF",,,no,no,HPE 3.84TB SAS RI SFF SC PM1653 PVT NEW SSD- P49036-B21,no
130,HDD,HPE,,7.68TB,"3.5"" LFF",,,no,no,HPE 7.68 TB 3.5″  New HDD – 846524-B21,yes
130,SSD,HPE,SAS,3.84TB,"2.5"" SFF",,,no,no,HPE 3.84TB SAS RI SFF SC VS MV NEW SSD – P37001-B21,no
131,HDD,HPE,,8TB,"3.5"" LFF",,,no,no,HPE  8 TB 3.5″  New HDD – 834031-K21,yes
131,SSD,HPE,SATA,3.84TB,"2.5"" SFF",,,no,no,HPE 3.84TB SATA MU SFF BC MV NEW SSD – P40505-B21,no
132,HDD,HPE,,8TB,"3.5"" LFF",,,no,no,HPE 8 TB 3.5″ New HDD – 861590-B21,yes
132,SSD,HPE,SATA,3.84TB,"2.5"" SFF",,,no,no,HPE 3.84TB SATA MU SFF BC S4620 New SSD – P47327-B21,no
133,HDD,HPE,,8TB,"3.5"" LFF",,,no,no,HPE 8TB  3.5″ New HDD –  819201-K21,yes
133,SSD,HPE,SATA,3.84TB,"2.5"" SFF",,,no,no,HPE 3.84TB SATA MU SFF SC S4620 New SSD – P47326-B21,no
134,HDD,HPE,SAS,8TB,"3.5"" LFF",,7.2K RPM,no,no,HPE 8TB SAS 7.2K LFF SC 512e DS New HDD-819201-B21,no
134,SSD,HPE,SATA,3.84TB,"2.5"" SFF",,,no,no,HPE 3.84TB SATA RI SFF BC MV NEW SSD – P40500-B21,no
135,HDD,HPE,,10TB,"3.5"" LFF",,,no,no,HPE 10TB 3.5″ New HDD –  P9M82A,yes
135,SSD,HPE,SATA,3.84TB,"2.5"" SFF",,,no,no,HPE 3.84TB SATA RI SFF BC PM893 New SSD- P44010-B21,no
136,HDD,HPE,,16TB,"3.5"" LFF",,,no,no,HPE  16 TB 3.5″   New HDD – P23608-K21,yes
136,SSD,HPE,SATA,3.84TB,"2.5"" SFF",,,no,no,HPE 3.84TB SATA RI SFF BC S4520 New SSD – P47322-B21,no
137,HDD,HPE,,16TB,"3.5"" LFF",,,no,no,HPE 16 TB 3.5″   New HDD – Q2P81A,yes
137,SSD,HPE,SATA,3.84TB,"2.5"" SFF",,,no,no,HPE 3.84TB SATA RI SFF SC MV NEW SSD – P18428-B21,no
138,HDD,HPE,,16TB,"3.5"" LFF",,,no,no,HPE 16TB  3.5″ New HDD – P23863-K21,yes
138,SSD,HPE,SATA,3.84TB,"2.5"" SFF",,,no,no,HPE 3.84TB SATA RI SFF SC PM893 New SSD – P47813-B21,no
139,HDD,HPE,SAS,16TB,"3.5"" LFF",,7.2K RPM,no,no,HPE 16TB SAS 7.2K LFF LP 512e ISE NEW HDD – P23608-B21,no
139,SSD,HPE,SATA,3.84TB,"2.5"" SFF",,,no,no,HPE 3.84TB SATA RI SFF SC S4520 New SSD – P47321-B21,no
140,HDD,HPE,SAS,16TB,"3.5"" LFF",,7.2K RPM,no,no,HPE 16TB SAS 7.2K LFF SC ISE MV HDD – P23863-B21 New HDD,no
140,SSD,HPE,,400GB,"2.5"" SFF",,,no,no,HPE 400GB 2.5″ New SSD – N9X95A,yes
141,HDD,HPE,,18TB,"3.5"" LFF",,,no,no,HPE 18TB  3.5″ New HDD – R7L70A,yes
141,SSD,HPE,,480GB,,,,no,no,HPE 480 GB M.2 2280 New SSD – 875490-B21,yes
142,HDD,HPE,SAS,18TB,"3.5"" LFF",,7.2K RPM,no,no,HPE 18TB SAS 7.2K LFF SC ISE MV HDD – P37664-B21 New HDD,no
142,SSD,HPE,SATA,480GB,"2.5"" SFF",,,no,no,HPE 480GB SATA MU SFF BC MV NEW SSD – P40502-B21,no
143,HDD,HPE,,24TB,"3.5"" LFF",,,no,no,HPE 24 TB 3.5″ New HDD – Q2P82A,yes
143,SSD,HPE,SATA,480GB,"2.5"" SFF",,,no,no,HPE 480GB SATA MU SFF BC PM897 New SSD – P44011-B21,no
144,HDD,HPE,,40TB,"3.5"" LFF",,,no,no,HPE 40 TB 3.5″   New HDD – Q0F62A,yes
144,SSD,HPE,SATA,480GB,"2.5"" SFF",,,no,no,HPE 480GB SATA MU SFF BC S4620 New SSD – P47324-B21,no
145,HDD,HPE,,40TB,"3.5"" LFF",,,no,no,HPE 40 TB 3.5″ New HDD – Q0F60A,yes
145,SSD,HPE,SATA,480GB,"2.5"" SFF",,,no,no,HPE 480GB SATA MU SFF SC MV NEW SSD – P18432-B21,no
146,HDD,HPE,,48TB,"3.5"" LFF",,,no,no,HPE 48 TB 3.5″ New HDD – R0P90A,yes
146,SSD,HPE,SATA,480GB,"2.5"" SFF",,,no,no,HPE 480GB SATA MU SFF SC PM897 New SSD – P47814-B21,no
147,HDD,HPE,,48TB,"3.5"" LFF",,,no,no,HPE 48 TB 3.5″ New HDD – R0Q69A,yes
147,SSD,HPE,SATA,480GB,"2.5"" SFF",,,no,no,HPE 480GB SATA MU SFF SC S4620 New SSD – P47323-B21,no
148,HDD,IBM,SATA,160GB,"2.5"" SFF",3Gb/s,7.2K RPM,no,no,IBM 160GB 7.2K 3GBPS 2.5” SATA Refurbished HDD – 42D0748,no
148,SSD,HPE,SATA,480GB,"3.5"" LFF",,,no,no,HPE 480GB SATA RI LFF SC MV NEW SSD – P47807-B21,no
149,HDD,IBM,SATA,160GB,"3.5"" LFF",3Gb/s,7.2K RPM,no,no,IBM 160GB 7.2K 3GBPS 3.5”  SATA Refurbished HDD – 39M4507,no
149,SSD,HPE,SATA,480GB,,,,no,no,HPE 480GB SATA RI M.2 MV New SSD – P47818-B21,yes
150,HDD,IBM,SATA,250GB,"2.5"" SFF",6Gb/s,7.2K RPM,no,no,IBM 250GB 7.2K 6GBPS 2.5” SATA Refurbished HDD – 81Y9723,no
150,SSD,HPE,SATA,480GB,"2.5"" SFF",,,no,no,HPE 480GB SATA RI SFF BC MV NEW SSD – P40497-B21,no
151,HDD,IBM,SATA,300GB,"2.5"" SFF",3Gb/s,10K RPM,no,no,IBM 300GB 10K 3GBPS 2.5” SATA Refurbished HDD – 43W7669,no
151,SSD,HPE,SATA,480GB,"2.5"" SFF",,,no,no,HPE 480GB SATA RI SFF BC PM893 NEW SSD – P44007-B21,no
152,HDD,IBM,SATA,500GB,"2.5"" SFF",,7.2K RPM,no,no,IBM 500-GB 7.2K 2.5” Slim-HS  SATA Refurbished HDD – 42D0756,no
152,SSD,HPE,SATA,480GB,"2.5"" SFF",,,no,no,HPE 480GB SATA RI SFF BC SED 5300P New SSD – P42120-B21,no
153,HDD,IBM,SATA,500GB,"2.5"" SFF",3Gb/s,7.2K RPM,no,no,IBM 500GB 7.2K 3GBPS 2.5” SATA Refurbished HDD – 42D0753,no
153,SSD,HPE,SATA,480GB,"2.5"" SFF",,,no,no,HPE 480GB SATA RI SFF SC MV NEW SSD – P18422-B21,no
154,HDD,IBM,SATA,500GB,"3.5"" LFF",3Gb/s,7.2K RPM,no,no,IBM 500GB 7.2K 3GBPS 3.5” SATA Refurbished HDD – 39M4517,no
154,SSD,HPE,SATA,480GB,"2.5"" SFF",,,no,no,HPE 480GB SATA RI SFF SC PM893 New SSD – P47810-B21,no
155,HDD,Lenovo,,320GB,"2.5"" SFF",3Gb/s,7.2K RPM,no,no,LENOVO 320GB 7.2K 3GBPS 2.5” LAPTOP Refurbished HDD – 45N7021,yes
155,SSD,HPE,NVMe,6.4TB,,,,no,no,HPE 6.4TB NVME MU SCn U.3 PM1735a NEW SSD – P50231-B21,yes
156,HDD,Lenovo,,500GB,"2.5"" SFF",3Gb/s,7.2K RPM,no,no,LENOVO  500GB 7.2K 3GBPS 2.5” LAPTOP Refurbished HDD – 42T1372,yes
156,SSD,HPE,NVMe,6.4TB,"2.5"" SFF",,,no,no,HPE 6.4TB NVME MU SFF BC U.2 P5620 NEW SSD – P51463-B21,no
157,HDD,Lenovo,,500GB,"2.5"" SFF",3Gb/s,7.2K RPM,no,no,LENOVO  500GB 7.2K 3GBPS 2.5” LAPTOP Refurbished HDD – 45N7063,yes
157,SSD,HPE,NVMe,6.4TB,"2.5"" SFF",,,no,no,HPE 6.4TB NVME MU SFF BC U.3 PM1735a NEW SSD – P50233-B21,no
158,HDD,Lenovo,SATA,1TB,"3.5"" LFF",6Gb/s,7.2K RPM,no,no,LENOVO 1TB 7.2K 6GBPS 3.5” SATA Refurbished HDD – 1W10166,no
158,SSD,HPE,NVMe,6.4TB,"2.5"" SFF",,,no,no,HPE 6.4TB NVME MU SFF SC U.3 PM1735a NEW SSD – P50232-B21,no
159,HDD,Lenovo,SATA,1TB,"3.5"" LFF",,7.2K RPM,no,no,LENOVO THINK SERVER 3.5″ 1TB 7.2K  SATA Refurbished HDD – 0C19502,no
159,SSD,HPE,NVMe,6.4TB,"2.5"" SFF",,,no,no,HPE 6.4TB NVME MU SFF SC U.3 ST MV New SSD – P47836-B21,no
160,HDD,Lenovo,SATA,2TB,"3.5"" LFF",6Gb/s,7.2K RPM,no,no,LENOVO  2TB 7.2K 6GBPS 3.5” SATA Refurbished HDD – 1P4XB7A77446,no
160,SSD,HPE,NVMe,6.4TB,"2.5"" SFF",,,no,no,HPE 6.4TB NVME MU SFF SCn U.2 P5620 NEW SSD – P51462-B21,no
161,HDD,Lenovo,SATA,2TB,"3.5"" LFF",,7.2K RPM,no,no,LENOVO 2TB 7.2K RPM  3.5″  SATA Refurbished HDD – 7XB7A00042,no
161,SSD,HPE,SAS,6.4TB,"2.5"" SFF",,,no,no,HPE 6.4TB SAS MU SFF BC MV NEW SSD – P49057-B21,no
162,HDD,Lenovo,,8TB,"3.5"" LFF",,,no,no,LENOVO  8 TB  3.5″ New HDD – 7XB7A00045,yes
162,SSD,HPE,SAS,6.4TB,"2.5"" SFF",,,no,no,HPE 6.4TB SAS MU SFF SC MV NEW SSD – P49056-B21,no
163,HDD,Lenovo,,8TB,"2.5"" SFF",,,no,no,LENOVO 8 TB 2.5″  HDD – SSS7B21985,yes
163,SSD,HPE,,7.68TB,"2.5"" SFF",,,no,no,HPE 7.68 TB 2.5″ New SSD- P37003-K21,yes
164,HDD,Samsung,SATA,160GB,"3.5"" LFF",3Gb/s,7.2K RPM,no,no,SAMSUNG 160GB 7.2K 3GBPS 3.5” SATA Refurbished HDD – HD161GJ,no
164,SSD,HPE,NVMe,7.68TB,,,,no,no,HPE 7.68TB NVME RI BC U.2 P5520 NEW SSD – P51457-B21,yes
165,HDD,Samsung,SATA,250GB,"3.5"" LFF",3Gb/s,7.2K RPM,no,no,SAMSUNG 250GB 7.2K 3GBPS 3.5″ SATA Refurbished HDD – HD250HJ,no
165,SSD,HPE,NVMe,7.68TB,,,,no,no,HPE 7.68TB NVME RI BC U.3 PM1733a NEW SSD – P50222-B21,yes
166,HDD,Samsung,SATA,320GB,"3.5"" LFF",3Gb/s,7.2K RPM,no,no,SAMSUNG 320GB 7.2K 3GBPS 3.5 SATA Refurbished HDD – HD321HJ,no
166,SSD,HPE,NVMe,7.68TB,,,,no,no,HPE 7.68TB NVME RI SC U.3 PM1733a NEW SSD – P50221-B21,yes
167,HDD,Samsung,SATA,320GB,"3.5"" LFF",3Gb/s,7.2K RPM,no,no,SAMSUNG 320GB 7.2K 3GBPS 3.5 SATA Refurbished HDD – HD321KJ,no
167,SSD,HPE,NVMe,7.68TB,,,,no,no,HPE 7.68TB NVME RI SCn U.2 P5520 NEW SSD – P51456-B21,yes
168,HDD,Samsung,SATA,320GB,"3.5"" LFF",3Gb/s,7.2K RPM,no,no,SAMSUNG 320GB 7.2K 3GBPS 3.5” SATA Refurbished HDD – HD322HJ,no
168,SSD,HPE,NVMe,7.68TB,,,,no,no,HPE 7.68TB NVME RI SCn U.3 PM1733a NEW SSD – P50220-B21,yes
169,HDD,Samsung,SATA,1TB,"2.5"" SFF",,5.4K RPM,no,no,SAMSUNG 1TB 5.4K RPM SATA 9.5mm 2.5” New HDD – HN-M101MBB/D2,no
169,SSD,HPE,NVMe,7.68TB,"2.5"" SFF",,,no,no,HPE 7.68TB NVME RI SFF SC U.3 ST MV New SSD – P47843-B21,no
170,HDD,Samsung,SATA,1TB,"2.5"" SFF",,5.4K RPM,no,no,SAMSUNG 1TB 5.4K RPM SATA 9.5mm 2.5″  New Hard Disk Drive – HN-M101MBB/LC1,no
170,SSD,HPE,SAS,7.68TB,"3.5"" LFF",,,no,no,HPE 7.68TB SAS RI LFF LPc MV NEW SSD – P49040-B21,no
171,HDD,Samsung,SATA,1TB,"2.5"" SFF",,5.4K RPM,no,no,SAMSUNG 1TB 5.4K RPM SATA 9.5mm 2.5″ New Hard Disk Drive – HN-M101MBB/LCP,no
171,SSD,HPE,SAS,7.68TB,"3.5"" LFF",,,no,no,HPE 7.68TB SAS RI LFF SC MV NEW SSD-P49038-B21,no
172,HDD,Samsung,SATA,1TB,"2.5"" SFF",,5.4K RPM,no,no,SAMSUNG 1TB 5.4K RPM SATA 9.5mm 2.5″ New Hard Drive – HN-M101MBB/CE1,no
172,SSD,HPE,SAS,7.68TB,"2.5"" SFF",,,no,no,HPE 7.68TB SAS RI SFF BC MV NEW SSD – P49041-B21,no
173,HDD,Samsung,SATA,1TB,"2.5"" SFF",,5.4K RPM,no,no,SAMSUNG 1TB 5.4K RPM SATA 9.5mm 2.5″ New Hard Drive – HN-M101MBB/M2,no
173,SSD,HPE,SAS,7.68TB,"2.5"" SFF",,,no,no,HPE 7.68TB SAS RI SFF BC PM1653 PVT NEW SSD – P49043-B21,no
174,HDD,Samsung,SATA,1TB,"2.5"" SFF",,5.4K RPM,no,no,SAMSUNG 1TB 5.4K RPM SATA 9.5mm 2.5″ New HDD – HN-M101MBB/LC2,no
174,SSD,HPE,SAS,7.68TB,"2.5"" SFF",,,no,no,HPE 7.68TB SAS RI SFF SC MV NEW SSD – P49039-B21,no
175,HDD,Seagate,SATA,250GB,,,7.2K RPM,no,no,Seagate 250GB SATA 7.2K Refurbished Hard Disk Drive – 9YP131-520,yes
175,SSD,HPE,SAS,7.68TB,"2.5"" SFF",,,no,no,HPE 7.68TB SAS RI SFF SC PM1653 PVT NEW SSD – P49042-B21,no
176,HDD,Seagate,,600GB,,6Gb/s,15K RPM,no,no,SeaGate 600GB 15.7K 6GBs Refurbished HDD – 9FN066-031/ST3600057SS,yes
176,SSD,HPE,SAS,7.68TB,"2.5"" SFF",,,no,no,HPE 7.68TB SAS RI SFF SC VS MV NEW SSD – P37003-B21,no
177,HDD,Seagate,SATA,1TB,,6Gb/s,,no,no,Seagate 1TB 6GBps Refurbished Hard Disk Drive,yes
177,SSD,HPE,SATA,7.68TB,"3.5"" LFF",,,no,no,HPE 7.68TB SATA Pro LFF LPc 5400 NEW SSD – P58232-B21,no
178,HDD,Seagate,SAS,1.2TB,,12Gb/s,10K RPM,no,no,Seagate 1.2TB 10K 12GBPS Refurbished Hard Disk Drive – 1FF200-175,yes
178,SSD,HPE,SATA,7.68TB,"2.5"" SFF",,,no,no,HPE 7.68TB SATA PRO SFF BC 5400 NEW SSD – P58228-B21,no
179,HDD,Seagate,,2TB,,6Gb/s,7.2K RPM,no,no,SeaGate 2TB 7.2K 6GBs Refurbished HDD – 1ER164-501/0NYR3N,yes
179,SSD,HPE,,800GB,"2.5"" SFF",,,no,no,HPE 800 GB 2.5″ New SSD- N9X96A,yes
180,HDD,Seagate,SAS,2TB,"2.5"" SFF",,7.2K RPM,no,no,Seagate 2TB SAS 7200 SFF New HDD – ST2000NX0323,no
180,SSD,HPE,SAS,800GB,"2.5"" SFF",,,no,no,HPE 800GB SAS MU SFF BC MV NEW SSD – P49047-B21,no
181,HDD,Seagate,SAS,2.4TB,"2.5"" SFF",,7.2K RPM,no,no,Seagate 2.40TB SAS 7200 SFF New HDD – ST2400MM0129,no
181,SSD,HPE,SAS,800GB,"2.5"" SFF",,,no,no,HPE 800GB SAS MU SFF SC MV NEW SSD – P49046-B21,no
182,HDD,Seagate,SATA,8TB,"2.5"" SFF",,7.2K RPM,no,no,Seagate 8TB SATA 7200 SFF New HDD – ST6000NM002A,no
182,SSD,HPE,,960GB,"2.5"" SFF",,,no,no,HPE 960 GB 2.5″ New SSD – 868822-B21,yes
183,HDD,Seagate,SAS,10TB,"2.5"" SFF",,7.2K RPM,no,no,Seagate 10TB SAS 7200 SFF New HDD -ST10000NM018B,no
183,SSD,HPE,,960GB,"2.5"" SFF",,,no,no,HPE 960 GB 2.5″ New SSD – 872348-B21,yes
184,HDD,Seagate,SAS,18TB,,12Gb/s,7.2K RPM,no,no,SeaGate 18TB 7.2K 12GBs Refurbished HDD – 2TV203-801,yes
184,SSD,HPE,,960GB,"2.5"" SFF",,,no,no,HPE 960 GB 2.5″ New SSD – R0Q46A,yes
185,HDD,Seagate,SATA,18TB,"2.5"" SFF",,7.2K RPM,no,no,Seagate 18TB SATA 7200 SFF New HDD – ST18000NM000J,no
185,SSD,HPE,,960GB,"2.5"" SFF",,,no,no,HPE 960 GB 2.5″ New SSD Card – 875313-B21,yes
186,HDD,Seagate,SATA,18TB,"2.5"" SFF",,7.2K RPM,no,no,Seagate 18TB SATA 7200 SFF New HDD – ST18000NM0092,no
186,SSD,HPE,SAS,960GB,"3.5"" LFF",,,no,no,HPE 960GB SAS MU LFF LPc VS MV New SSD – P37009-B21,no
187,HDD,Seagate,SATA,20TB,"2.5"" SFF",,7.2K RPM,no,no,Seagate 20TB SATA 7200 SFF New HDD – ST20000NM007D,no
187,SSD,HPE,SAS,960GB,"2.5"" SFF",,,no,no,HPE 960GB SAS MU SFF BC VS MV New SSD – P40510-B21,no
188,HDD,Seagate,SATA,24TB,"2.5"" SFF",,7.2K RPM,no,no,Seagate 24TB SATA 7200 SFF New HDD – ST24000NM002H,no
188,SSD,HPE,SAS,960GB,"2.5"" SFF",,,no,no,HPE 960GB SAS MU SFF SC VS MV NEW SSD – P37005-B21,no
189,HDD,Seagate,SATA,36TB,"2.5"" SFF",,7.2K RPM,no,no,Seagate 36TB SATA 7200 SFF New HDD – ST36000NM003K,no
189,SSD,HPE,SAS,960GB,"2.5"" SFF",,,no,no,HPE 960GB SAS RI SFF BC MV New SSD – P49029-B21,no
190,HDD,Toshiba,,250GB,"2.5"" SFF",3Gb/s,7.2K RPM,no,no,TOSHIBA   250GB 7.2K 3GBPS 2.5”  LAPTOP Refurbished HDD – MK2561GSYN,yes
190,SSD,HPE,SAS,960GB,"2.5"" SFF",,,no,no,HPE 960GB SAS RI SFF BC VS MV NEW SSD – P40506-B21,no
191,HDD,Toshiba,,250GB,"2.5"" SFF",3Gb/s,5.4K RPM,no,no,TOSHIBA 250GB 5.4K 3GBPS 2.5” LAPTOP Refurbished HDD – MK2576GSX,yes
191,SSD,HPE,SAS,960GB,"2.5"" SFF",,,no,no,HPE 960GB SAS RI SFF SC MV NEW SSD – P36997-B21,no
192,HDD,Toshiba,SAS,300GB,,12Gb/s,10K RPM,no,no,Toshiba 300GB 10K 12GBs Refurbished Hard Disk Drive – HDEBF05JAA51,yes
192,SSD,HPE,SAS,960GB,"2.5"" SFF",,,no,no,HPE 960GB SAS RI SFF SC MV New SSD – P49028-B21,no
193,HDD,Toshiba,,320GB,"2.5"" SFF",6Gb/s,7.2K RPM,no,no,TOSHIBA 320GB 7.2K 6GBPS 2.5” LAPTOP Refurbished HDD – MQ01ACF032,yes
193,SSD,HPE,SATA,960GB,"3.5"" LFF",,,no,no,HPE 960GB SATA 6GBps Read Intensive LFF LPC Multi Vendor New SSD – P47808-B21,no
194,HDD,Toshiba,,500GB,"2.5"" SFF",6Gb/s,7.2K RPM,no,no,TOSHIBA   500GB 7.2K 6GBPS 2.5” LAPTOP Refurbished HDD – MQ02ABF050H,yes
194,SSD,HPE,SATA,960GB,"3.5"" LFF",,,no,no,HPE 960GB SATA MU LFF SC MV New SSD – P47419-B21,no
195,HDD,Toshiba,,500GB,"2.5"" SFF",3Gb/s,5.4K RPM,no,no,TOSHIBA  500GB 5.4K 3GBPS 2.5”  LAPTOP Refurbished HDD – MQ01ABF050,yes
195,SSD,HPE,SATA,960GB,"2.5"" SFF",,,no,no,HPE 960GB SATA MU SFF SC MV NEW SSD – P18434-B21,no
196,HDD,Toshiba,,500GB,"2.5"" SFF",3Gb/s,5.4K RPM,no,no,TOSHIBA  500GB 5.4K 3GBPS 2.5” LAPTOP Refurbished HDD – MQ01ABD050V,yes
196,SSD,HPE,SATA,960GB,"2.5"" SFF",,,no,no,HPE 960GB SATA MU SFF SC PM897 New SSD – P47815-B21,no
197,HDD,Toshiba,SATA,500GB,"3.5"" LFF",6Gb/s,7.2K RPM,no,no,TOSHIBA  500GB 7.2K 6GBPS 3.5”  SATA Refurbished HDD – DT01ACA050,no
197,SSD,HPE,SATA,960GB,"2.5"" SFF",,,no,no,HPE 960GB SATA RI SFF BC MV NEW SSD – P40498-B21,no
198,HDD,Toshiba,,500GB,"2.5"" SFF",3Gb/s,5.4K RPM,no,no,TOSHIBA 500GB 5.4K 3GBPS 2.5” LAPTOP Refurbished HDD – MQ01ABD050,yes
198,SSD,HPE,SATA,960GB,"2.5"" SFF",,,no,no,HPE 960GB SATA RI SFF SC MV NEW SSD – P18424-B21,no
199,HDD,Toshiba,,500GB,"2.5"" SFF",6Gb/s,7.2K RPM,no,no,TOSHIBA 500GB 7.2K 6GBPS 2.5”  LAPTOP Refurbished HDD – MK5061GSYN,yes
199,SSD,HPE,SATA,960GB,"2.5"" SFF",,,no,no,HPE 960GB SATA RI SFF SC PM893 New SSD – P47811-B21,no
200,HDD,Toshiba,SATA,500GB,"3.5"" LFF",6Gb/s,7.2K RPM,no,no,TOSHIBA 500GB 7.2K 6GBPS 3.5″ SATA Refurbished HDD – 0RXJWX,no
200,SSD,HPE,SATA,480GB,"2.5"" SFF",,,no,no,HPE Dual 480GB SATA 6G Read Intensive M.2 to SFF SCM Multi Vendor New SSD – P47819-B21,no
201,HDD,Toshiba,,1TB,"2.5"" SFF",6Gb/s,5.4K RPM,no,no,TOSHIBA  1TB 5.4K 6GBPS 2.5”  LAPTOP Refurbished HDD – MQ04ABF100,yes
201,SSD,HPE,,,,,,no,no,HPE PCI-E TO M.2 ADAPTER BOARD FOR Z440 New SSD – 742006-003,yes
202,HDD,Toshiba,SATA,1TB,"3.5"" LFF",6Gb/s,7.2K RPM,no,no,TOSHIBA  1TB 7.2K 6GBPS 3.5”  SATA Refurbished HDD – DT01ACA100,no
202,SSD,HPE,SATA,,,,,no,no,HPE UNIVERSAL SATA KIT Refurbished SSD – 878783-B21,yes
203,HDD,Toshiba,SATA,2TB,"3.5"" LFF",6Gb/s,7.2K RPM,no,no,TOSHIBA  2TB 7.2K 6GBPS 3.5”  SATA Refurbished HDD – DT01ACA200,no
203,SSD,HPE,NVMe,3.84TB,"2.5"" SFF",,,no,no,HPE Western Digital HFS3T8GDUFEH-A430A 3.84TB PCIe NVME 2.5 U.2 Refurbished Solid State Drive – P11534-003,no
204,HDD,Toshiba,SATA,4TB,"3.5"" LFF",6Gb/s,,no,no,TOSHIBA  4TB 3.5” 6GBPs  SATA Refurbished HDD – MG08ADA400E,no
204,SSD,IBM,SATA,240GB,"2.5"" SFF",6GB/s,,no,no,"IBM 240GB 6GB/s 2.5"" SATA Refurbished SSD – 00AJ009",no
205,HDD,Toshiba,SAS,4TB,,12Gb/s,7.2K RPM,no,no,Toshiba 4TB 7.2K 12GBs Refurbished Hard Disk Drive – HDEPF02JAA51,yes
205,SSD,IBM,SATA,400GB,"2.5"" SFF",6GB/s,,no,no,"IBM 400GB 6GB/s 2.5"" SATA Refurbished SSD – 41Y8340",no
206,HDD,Western Digital,,80GB,"2.5"" SFF",3Gb/s,7.2K RPM,no,no,WD 80GB 7.2K 3GBPS 2.5” LAPTOP Refurbished HDD – WD800BJKT-75F4T0,yes
206,SSD,Intel,SATA,1.6TB,"2.5"" SFF",,,no,no,INTEL 1.6TB S3510 7MM SATA 2.5″ Refurbished SSD – SSDSC2BB016T6,no
207,HDD,Western Digital,,160GB,"2.5"" SFF",3Gb/s,7.2K RPM,no,no,WD 160GB 7.2K 3GBPS 2.5”  LAPTOP Refurbished HDD – WD1600BJKT-75F4T0,yes
207,SSD,Intel,SATA,480GB,"2.5"" SFF",6GB/s,,no,no,INTEL 480GB 6Gb/s 2.5″ SATA Refurbished SSD – SSDSC2BB480G7,no
208,HDD,Western Digital,,250GB,"2.5"" SFF",3Gb/s,7.2K RPM,no,no,WD  250GB 7.2K 3GBPS 2.5”  LAPTOP Refurbished HDD – WD2500BEKT-75A25T0,yes
208,SSD,Kingston,SATA,480GB,,,,no,no,Kingston 480GB SATA New SSD – SEDC600M/480G,yes
209,HDD,Western Digital,,250GB,"2.5"" SFF",3Gb/s,7.2K RPM,no,no,WD  250GB 7.2K 3GBPS 2.5”  LAPTOP Refurbished HDD – WD2500BEKT-75PVMT0,yes
209,SSD,KODAK,SATA,480GB,"2.5"" SFF",6GB/s,,no,no,"KODAK 480GB 6GB/s 2.5"" SATA Refurbished SSD – EKSSD480GX150K",no
210,HDD,Western Digital,,250GB,,6Gb/s,7.2K RPM,no,no,Western Digital 250GB 7.2K 6GBPS 0M4HXR/WD2500AAKX-75U6AA0 Refurbished Hard Disk Drive,yes
210,SSD,LENOVO,,3.2TB,"2.5"" SFF",,,no,no,LENOVO 3.2 TB 2.5″ New SSD – SSS7B21986,yes
211,HDD,Western Digital,,250GB,,,7.2K RPM,no,no,Western Digital 250GB 7.2K Refurbished Hard Disk Drive WD2500AAKX-753CA1/0P5JDG,yes
211,SSD,LENOVO,,480GB,"2.5"" SFF",,,no,no,LENOVO 480 GB 2.5″ New SSD – 4XB7A87524,yes
212,HDD,Western Digital,SATA,300GB,"2.5"" SFF",3Gb/s,10K RPM,no,no,WD  300GB 10K 3GBPS 2.5”  SATA  Refurbished HDD – WD3000BLFS-08YBU0,no
212,SSD,LENOVO,,960GB,"2.5"" SFF",,,no,no,LENOVO 960 GB 2.5″ New SSD – 4XB7A77461,yes
213,HDD,Western Digital,SATA,300GB,"2.5"" SFF",3Gb/s,10K RPM,no,no,WD  300GB 10K 3GBPS 2.5”  SATA Refurbished  HDD – WD3000BLFS-01YBU0,no
213,SSD,LENOVO,,960GB,"2.5"" SFF",,,no,no,LENOVO 960 GB 2.5″ New SSD – 4XB7A89423,yes
214,HDD,Western Digital,SATA,300GB,"2.5"" SFF",3Gb/s,10K RPM,no,no,WD  300GB 10K 3GBPS 2.5”  SATA Refurbished HDD – WD3000BLFS-01YBU3,no
214,SSD,LYKAN,SATA,512GB,"2.5"" SFF",6GB/s,,no,no,"LYKAN 512GB 6GB/s 2.5"" SATA Refurbished SSD – BMO11KMJ25",no
215,HDD,Western Digital,SATA,300GB,"2.5"" SFF",3Gb/s,10K RPM,no,no,WD  300GB 10K 3GBPS 2.5”  SATA Refurbished HDD – WD3000BLHX-88V7BV0,no
215,SSD,MATRIX,SATA,512GB,"2.5"" SFF",6GB/s,,no,no,"MATRIX 512 GB 6GB/s 2.5"" SATA Refurbished SSD – MIS512GSDS",no
216,HDD,Western Digital,SATA,300GB,"3.5"" LFF",3Gb/s,7.2K RPM,no,no,WD  300GB 7.2K 3GBPS 3.5” SATA Refurbished HDD – WD3000JS-63PDB1,no
216,SSD,MICRON,SATA,2TB,,,,no,no,MICRON 1300 2TB SATA Refurbished SSD – MTFDDAK2T0TDL-1AW1ZABHA,yes
217,HDD,Western Digital,SATA,300GB,"2.5"" SFF",6Gb/s,10K RPM,no,no,WD 300GB 10K 6GBPS 2.5″  SATA  Refurbished HDD – WD3000HLHX-60JJPV0,no
217,SSD,MICRON,,32GB,,,,no,no,MICRON 32GB MAINSTREAMFLASH MEDIA KIT New SSD- 700139-B21,yes
218,HDD,Western Digital,SATA,300GB,"2.5"" SFF",3Gb/s,10K RPM,no,no,Western Digital 300GB 10K  3GBPS 2.5″ SATA  Refurbished HDD – WD3000BLHX-88A56V0,no
218,SSD,MICRON,SATA,1.92TB,,,,no,no,MICRON 5210 ION 1.92 TB SATA New SSD – MTFDDAK1T9QDE-2AV1ZABYY,yes
219,HDD,Western Digital,,320GB,"2.5"" SFF",3Gb/s,5.4K RPM,no,no,WD  320GB 5.4K 3GBPS 2.5”  LAPTOP Refurbished HDD – WD2500BEVT-75ZCT2,yes
219,SSD,MICRON,SATA,480GB,,,,no,no,MICRON 5300 PRO 480GB SATA New SSD – MTFDDAK480TDS-1AW1ZABYY,yes
220,HDD,Western Digital,,320GB,"2.5"" SFF",3Gb/s,5.4K RPM,no,no,WD  320GB 5.4K 3GBPS 2.5”  LAPTOP Refurbished HDD – WD3200BEVT-22ZCT0,yes
220,SSD,MICRON,SATA,960GB,,,,no,no,MICRON 5300 PRO 960GB SATA New SSD – MTFDDAK960TDS-1AW1ZABYY,yes
221,HDD,Western Digital,,320GB,"2.5"" SFF",3Gb/s,5.4K RPM,no,no,WD  320GB 5.4K 3GBPS 2.5”  LAPTOP Refurbished HDD – WD3200BPVT-75JJ5T0,yes
221,SSD,MICRON,SATA,1.92TB,,,,no,no,MICRON 5400 PRO 1.92 TB SATA New SSD – MTFDDAK1T9TGA-1BC1ZABYY,yes
222,HDD,Western Digital,,320GB,"2.5"" SFF",6Gb/s,5.4K RPM,no,no,WD  320GB 5.4K 6GBPS 2.5”  LAPTOP Refurbished HDD – WD3200LPVX-75V0TT0,yes
222,SSD,MICRON,SATA,3.84TB,"2.5"" SFF",6GB/s,,no,no,Micron 5400 PRO 3.84TB SATA 6GB/s 2.5 Inch NEW SSD – MTFDDAK3T8TGA,no
223,HDD,Western Digital,SATA,320GB,"2.5"" SFF",,5.4K RPM,no,no,WD  320GB 5400 RPM SATA 2.5″  Refurbished HDD – wd3200bevs-16vat0,no
223,SSD,MICRON,SATA,480GB,,,,no,no,MICRON 5400 PRO 480GB SATA NEW SSD – MTFDDAK480TGA,yes
224,HDD,Western Digital,,320GB,"2.5"" SFF",3Gb/s,7.2K RPM,no,no,WD  320GB 7.2K 3GBPS 2.5” LAPTOP Refurbished HDD – WD3200BEKT-75PVMT1,yes
224,SSD,MICRON,SATA,7.68TB,"2.5"" SFF",6GB/s,,no,no,MICRON 5400 PRO 7.68TB SATA 6GB/s 2.5 Inch New SSD – MTFDDAK7T6TGA,no
225,HDD,Western Digital,SATA,320GB,"3.5"" LFF",6Gb/s,7.2K RPM,no,no,WD  320GB 7.2K 6GBPS 3.5”  SATA  Refurbished HDD – WD3200AAKS-61L9A0,no
225,SSD,MICRON,SATA,960GB,,6GB/s,,no,no,MICRON 5400 PRO 960GB SATA 6GB/s NEW SSD – MTFDDAK960TGA,yes
226,HDD,Western Digital,SATA,320GB,"3.5"" LFF",6Gb/s,7.2K RPM,no,no,WD  320GB 7.2K 6GBPS 3.5”  SATA Refurbished  HDD – WD3200AAKX-221CA1,no
226,SSD,MICRON,SATA,960GB,,,,no,no,MICRON 5400 PRO 960GB SATA New SSD – MTFDDAK960TGA-1BC1ZABYY,yes
227,HDD,Western Digital,SATA,320GB,"3.5"" LFF",6Gb/s,7.2K RPM,no,no,WD  320GB 7.2K 6GBPS 3.5” SATA  Refurbished HDD – WD3200AAJS-56M0A0,no
227,SSD,MICRON,NVMe,7.68TB,,,,no,no,MICRON 7300 PRO 7.68 TB NVME SATA New SSD,yes
228,HDD,Western Digital,,320GB,"2.5"" SFF",3Gb/s,7.2K RPM,no,no,WD 320GB 7.2K 3GBPS 2.5”  LAPTOP Refurbished HDD – WD3200BEKT-08PVMT1,yes
228,SSD,MICRON,NVMe,1.92TB,,,,no,no,MICRON 7450 PRO 1.92 TB U.3 PCIe 4.0 NVME NEW SSD – MTFDKCC1T9TFR,yes
229,HDD,Western Digital,,320GB,"2.5"" SFF",3Gb/s,7.2K RPM,no,no,WD 320GB 7.2K 3GBPS 2.5”  LAPTOP Refurbished HDD – WD3200BEKX-75B7WT0,yes
229,SSD,MICRON,NVMe,3.84TB,,,,no,no,MICRON 7450 PRO 3.84 TB U.3 PCIe 4.0 NVME NEW SSD – MTFDKCC3T8TFR,yes
230,HDD,Western Digital,SATA,320GB,"3.5"" LFF",6Gb/s,7.2K RPM,no,no,WD 320GB 7.2K 6GBPS 3.5”  SATA Refurbished  HDD – WD3200AAJS-61B4A0,no
230,SSD,MICRON,SATA,800GB,,,,no,no,MICRON M500DC 800GB SATA New SSD,yes
231,HDD,Western Digital,SATA,320GB,"3.5"" LFF",6Gb/s,7.2K RPM,no,no,WD 320GB 7.2K 6GBPS 3.5”  SATA Refurbished HDD – WD3200AAKX-221CA0,no
231,SSD,MICRON,SATA,200GB,,,,no,no,MICRON P300 200GB SATA Refurbished SSD – MTFDDAC200SAL-1N1AA,yes
232,HDD,Western Digital,SATA,320GB,"3.5"" LFF",6Gb/s,7.2K RPM,no,no,WD 320GB 7.2K 6GBPS 3.5” SATA Refurbished HDD – WD3200AAKS-75L9A0,no
232,SSD,NEXTRON,SATA,512GB,"2.5"" SFF",6GB/s,,no,no,"NEXTRON 512GB 6GB/s 2.5"" SATA Refurbished SSD – THG13VBT25",no
233,HDD,Western Digital,SATA,500GB,"2.5"" SFF",6Gb/s,10K RPM,no,no,WD  500GB 10K 6GBPS 2.5”  SATA Refurbished HDD – WD5000HHTZ-60N21V0,no
233,SSD,NEXTRON,SATA,512GB,"2.5"" SFF",6GB/s,,no,no,"NEXTRON 512GB 6GB/s 2.5"" SATA Refurbished SSD – THM313VBT",no
234,HDD,Western Digital,,500GB,"2.5"" SFF",3Gb/s,5.4K RPM,no,no,WD  500GB 5.4K 3GBPS 2.5”  LAPTOP Refurbished HDD – WD500LUCT-62RC2Y0,yes
234,SSD,SAMSUNG,SAS,15.36TB,"2.5"" SFF",12GB/s,,no,no,"Samsung 15.36 TB 12GB/s 2.5"" SAS Refurbished SSD – MZILT15THMLA-000G4",no
235,HDD,Western Digital,,500GB,"2.5"" SFF",3Gb/s,5.4K RPM,no,no,WD  500GB 5.4K 3GBPS 2.5” LAPTOP Refurbished HDD – WD5000LUCT-45RC2Y0,yes
235,SSD,SAMSUNG,NVMe,256GB,,,,no,no,Samsung 256 GB 560 MB/s NVME Refurbished SSD – MZ-VLB256B,yes
236,HDD,Western Digital,,500GB,"2.5"" SFF",6Gb/s,5.4K RPM,no,no,WD  500GB 5.4K 6GBPS 2.5”  LAPTOP Refurbished HDD – WD5000LPVX-22V0TT0,yes
236,SSD,SAMSUNG,NVMe,256GB,,,,no,no,Samsung 256 GB 560 MB/s NVME Refurbished SSD – MZ-VLB256C,yes
237,HDD,Western Digital,SATA,500GB,"3.5"" LFF",,7.2K RPM,no,no,WD  500GB 7.2K 3.5″  SATA  Refurbished HDD – WD5000AAKX-60U6AA0,no
237,SSD,SAMSUNG,NVMe,256GB,,,,no,no,Samsung 256 GB 560 MB/s NVME Refurbished SSD – MZVLB256HAHQ-000D7,yes
238,HDD,Western Digital,SATA,500GB,"3.5"" LFF",,7.2K RPM,no,no,WD  500GB 7.2K 3.5″  SATA Refurbished HDD – WD5000AAKX-75U6AA0,no
238,SSD,SAMSUNG,NVMe,256GB,,,,no,no,Samsung 256 GB 560MB/s NVME Refurbished SSD – MZ9LQ256HAJD-000D1,yes
239,HDD,Western Digital,SATA,500GB,"3.5"" LFF",,7.2K RPM,no,no,WD  500GB 7.2K 3.5″  SATA Refurbished HDD – WD5000AZLX-60K2TA0,no
239,SSD,SAMSUNG,SAS,400GB,"2.5"" SFF",12GB/s,,no,no,"Samsung 400 GB 12GB/s 2.5"" SAS Refurbished SSD – MZ6ES400HMGR-000K0",no
240,HDD,Western Digital,,500GB,"2.5"" SFF",3Gb/s,7.2K RPM,no,no,WD  500GB 7.2K 3GBPS 2.5”  LAPTOP Refurbished HDD – WD5000BPKT-75PK4T0,yes
240,SSD,SAMSUNG,SAS,400GB,"2.5"" SFF",6GB/s,,no,no,"Samsung 400 GB 6GB/s 2.5"" SAS Refurbished SSD – MZ6ER400HAGL-00003",no
241,HDD,Western Digital,SATA,500GB,"3.5"" LFF",3Gb/s,7.2K RPM,no,no,WD  500GB 7.2K 3GBPS 3.5”  SATA Refurbished HDD – WD5000AVCS-632DY1,no
241,SSD,SAMSUNG,SAS,400GB,"2.5"" SFF",6GB/s,,no,no,"Samsung 400 GB 6GB/s 2.5"" SAS Refurbished SSD – MZ6ER400HAGL-000K1",no
242,HDD,Western Digital,,500GB,"2.5"" SFF",6Gb/s,7.2K RPM,no,no,WD  500GB 7.2K 6GBPS 2.5”  LAPTOP Refurbished HDD – WD5000LPLX-60ZNTT1,yes
242,SSD,SAMSUNG,SATA,1TB,,,,no,no,Samsung 870 EVO 1TB SATA NEW SSD – MZ-77E1T0,yes
243,HDD,Western Digital,,500GB,"2.5"" SFF",6Gb/s,7.2K RPM,no,no,WD  500GB 7.2K 6GBPS 2.5”  LAPTOP Refurbished HDD – WD5000LPLX-75ZNTT1,yes
243,SSD,SAMSUNG,SATA,2TB,,,,no,no,Samsung 870 EVO 2TB SATA NEW SSD – MZ-77E2T0,yes
244,HDD,Western Digital,,500GB,"2.5"" SFF",6Gb/s,7.2K RPM,no,no,WD  500GB 7.2K 6GBPS 2.5”  LAPTOP Refurbished HDD – WD5000LPSX-75A6W,yes
244,SSD,SAMSUNG,SATA,4TB,,,,no,no,Samsung 870 EVO 4TB SATA NEW SSD – MZ-77E4T0,yes
245,HDD,Western Digital,,500GB,"2.5"" SFF",6Gb/s,7.2K RPM,no,no,WD  500GB 7.2K 6GBPS 2.5” LAPTOP Refurbished HDD – WD5000LPLX-75ZNTT0,yes
245,SSD,SAMSUNG,SATA,500GB,,,,no,no,Samsung 870 EVO 500GB SATA NEW SSD – MZ-77E500,yes
246,HDD,Western Digital,SATA,500GB,"3.5"" LFF",6Gb/s,7.2K RPM,no,no,WD  500GB 7.2K 6GBPS 3.5”  SATA Refurbished  HDD – WD5000AAKX-22ERMA0,no
246,SSD,SAMSUNG,SATA,8TB,,,,no,no,Samsung 870 QVO 8TB SATA NEW SSD – MZ-77Q8T0,yes
247,HDD,Western Digital,SATA,500GB,"3.5"" LFF",6Gb/s,7.2K RPM,no,no,WD  500GB 7.2K 6GBPS 3.5” SATA Refurbished HDD – WD5000AZLX-75K2TA0,no
247,SSD,SAMSUNG,SATA,960GB,"2.5"" SFF",,,no,no,Samsung 960GB SATA 6GBps 2.5Inch Refurbished SSD – MZ7L3960HCJR-00A07,no
248,HDD,Western Digital,SATA,500GB,"3.5"" LFF",,7.2K RPM,no,no,WD 500GB 7.2K 3.5″  SATA  Refurbished HDD – WD5000AVVS-63H0B1,no
248,SSD,SAMSUNG,SATA,960GB,"2.5"" SFF",,,no,no,Samsung 960GB SATA 6GBps 2.5Inch Refurbished SSD – MZ7LM960HCHP-00003,no
249,HDD,Western Digital,SATA,500GB,"2.5"" SFF",,,no,no,Western Digital Blue 500GB SATA 2.5″ Refurbished HDD Hard Drive WD5000LPZX-60Z10T0 L75521-001,no
249,SSD,SAMSUNG,SATA,1TB,,,,no,no,Samsung 990 PRO 1TB SATA NEW SSD – MZ-V9P1T0,yes
250,HDD,Western Digital,SATA,640GB,"3.5"" LFF",3Gb/s,7.2K RPM,no,no,WD   640GB 7.2K 3GBPS 3.5” SATA Refurbished HDD – WD6400AAKS-00E4A0,no
250,SSD,SAMSUNG,SATA,4TB,,,,no,no,Samsung 990 PRO 4TB SATA NEW SSD – MZ-V9P4T0,yes
251,HDD,Western Digital,,750GB,"2.5"" SFF",3Gb/s,5.4K RPM,no,no,WD  750GB 5.4K 3GBPS 2.5” LAPTOP Refurbished HDD – WD7500BPVT-16HXZT3,yes
251,SSD,SAMSUNG,SATA,4TB,,,,no,no,Samsung 990 PRO 4TB SATA NEW SSD – MZ-V9P2T0,yes
252,HDD,Western Digital,,1TB,"2.5"" SFF",6Gb/s,5.4K RPM,no,no,WD  1TB 5.4K 6GBPS 2.5”  LAPTOP Refurbished HDD – WD10JPCX-24UE4T0,yes
252,SSD,SEAGATE,,1.95TB,"2.5"" SFF",,,no,no,"Seagate 1.95TB PCIe Gen4x4,NVM 1.4 2800 SFF New SSD – XP1920SE30001",yes
253,HDD,Western Digital,SATA,1TB,"3.5"" LFF",3Gb/s,7.2K RPM,no,no,WD  1TB 7.2K 3GBPS 3.5”  SATA Refurbished HDD – WD1002FBYS-02A6B0,no
253,SSD,SEAGATE,NVMe,12.8TB,"2.5"" SFF",,,no,no,"Seagate 12.8TB PCIe Gen3 x4, NVMe SFF New SSD – XP12800LE70005",no
254,HDD,Western Digital,SATA,1TB,"3.5"" LFF",6Gb/s,7.2K RPM,no,no,WD  1TB 7.2K 6GBPS 3.5”  SATA  Refurbished HDD – WD10EZEX-75WN4A1,no
254,SSD,SEAGATE,SAS,25.6TB,"2.5"" SFF",,,no,no,Seagate 25.6TB SAS 2800 SFF New SSD – XP25600LE70006,no
255,HDD,Western Digital,SATA,1TB,"3.5"" LFF",6Gb/s,7.2K RPM,no,no,WD  1TB 7.2K 6GBPS 3.5” SATA  Refurbished HDD  – WD10EZEX-60WN4A1,no
255,SSD,SEAGATE,,3.84TB,"2.5"" SFF",,,no,no,Seagate 3.84TB PCIe Gen3 x4 3000 SFF New SSD – XA3840LE10006,yes
256,HDD,Western Digital,SATA,1TB,"3.5"" LFF",6Gb/s,7.2K RPM,no,no,WD  1TB 7.2K 6GBPS 3.5” SATA Refurbished HDD – WD10EZEX-75WN4,no
256,SSD,Kingston,SATA,1.92TB,,,,no,no,SSD 1.92TB SATA Kingston SSD – SEDC600M/1.92TB,yes
257,HDD,Western Digital,SATA,1TB,"3.5"" LFF",6Gb/s,7.2K RPM,no,no,WD 1TB  7.2K  6GBPS 3.5”  SATA  Refurbished HDD – 1W10116,no
257,SSD,Kingston,NVMe,240GB,,,,no,no,SSD 240GB PCIe 4.0 x4 NVMe Kingston SSD – SEDC2000BM8/240G,yes
258,HDD,Western Digital,SATA,1TB,"2.5"" SFF",6Gb/s,5.4K RPM,no,no,WD 1TB 5400RPM SATA 6Gb/S 2.5”  Refurbished HDD – wd10jpvx-75jc3t0,no
258,SSD,Kingston,SATA,3.84TB,,,,no,no,SSD 3.84TB SATA Kingston SSD – SEDC600M/3.84TB,yes
259,HDD,Western Digital,SATA,1TB,"3.5"" LFF",6Gb/s,7.2K RPM,no,no,WD 1TB 7.2K 6GBPS 3.5”  SATA  Refurbished  HDD – WD10EZEX-08WN4A0,no
259,SSD,Kingston,NVMe,480GB,,,,no,no,SSD 480GB PCIe 4.0 x4 NVMe Kingston SSD – SEDC2000BM8/480G,yes
260,HDD,Western Digital,SATA,1TB,"3.5"" LFF",6Gb/s,7.2K RPM,no,no,WD 1TB 7.2K 6GBPS 3.5”  SATA Refurbished HDD – WD10EZEX-75WN4A0,no
260,SSD,Kingston,SATA,7.68TB,,,,no,no,SSD 7.68TB SATA Kingston SSD – SEDC600M/7.68TB,yes
261,HDD,Western Digital,SATA,1TB,"3.5"" LFF",6Gb/s,7.2K RPM,no,no,WD 1TB 7.2K 6GBPS 3.5” SATA Refurbished HDD – WD10EZEX-60WN4A2,no
261,SSD,Kingston,NVMe,960GB,,,,no,no,SSD 960GB PCIe 4.0 x4 NVMe Kingston SSD – SEDC2000BM8/960G,yes
262,HDD,Western Digital,SATA,1TB,"3.5"" LFF",6Gb/s,7.2K RPM,no,no,Western Digital Ultrastar 1TB HUS722T1TALA604 DC SATA 6G 7.2K RPM 3.5″ Refurbished HDD – 911397-001 1W10116,no
262,SSD,Kingston,SATA,960GB,,,,no,no,SSD 960GB SATA Kingston SSD – SEDC600M/960G,yes
263,HDD,Western Digital,,2TB,"2.5"" SFF",6Gb/s,5.4K RPM,no,no,WD  2TB 5.4K 6GBPS 2.5”  LAPTOP Refurbished HDD – WD20SPZX-60UA7T0,yes
263,SSD,WD,SATA,500GB,"2.5"" SFF",6GB/s,,no,no,"WD 500GB 6GB/s 2.5"" SATA Refurbished SSD – WDS500G2B0A-00SM50",no
264,HDD,Western Digital,,2TB,,3Gb/s,7.2K RPM,no,no,Western Digital 2TB 7.2K 3GBs Refurbished Hard Disk Drive – WD2003FYYS-02W0B0,yes
264,SSD,WD,SATA,512GB,"2.5"" SFF",6GB/s,,no,no,WD 512GB PC SA530 2.5″ 6Gb/s SATA Refurbished SSD – SDASB8Y,no
265,HDD,Western Digital,SATA,3TB,"3.5"" LFF",3Gb/s,5.4K RPM,no,no,WD 3TB 5.4K 3GBPS 3.5″  SATA Refurbished HDD – WD30EZRX-00D8PB0,no
265,SSD,WD,SATA,80GB,"3.5"" LFF",,,no,no,"WD 80GB 7.2K 1.5GBPS 3.5"" SATA Refurbished SSD – WD800JD-75MSA3",no
266,HDD,Western Digital,SATA,8TB,"3.5"" LFF",,,no,no,WD  ULTRA STAR 8TB 3.5”  SATA  New HDD- 0B36404,no
266,SSD,WD,SATA,1TB,"2.5"" SFF",6GB/s,,no,no,"WD 1TB 6GB/s 2.5"" SATA Refurbished SSD – WDS100T3B0A-00AXR0",no
267,HDD,Western Digital,SATA,22TB,"3.5"" LFF",,7.2K RPM,no,no,WD 22TB  7.2K RPM  3.5″ SATA  New HDD – 0F48155,no
267,SSD,WD,SATA,4TB,"2.5"" SFF",,,no,no,WD BLUE 3D NAND 2.5″ 7mm 4TB SATA Refurbished SSD – WDS400T2B0A,no
268,SSD,WD,SATA,500GB,,,,no,no,WD BLUE SA510 500GB SATA New SSD – WDS500G3B0A-00AXR0,yes